Id,Label,indegree,outdegree,Degree
Meredith Lake/Reservoir,Meredith Lake/Reservoir,0,1,1
Ogallala Aquifer,Ogallala Aquifer,0,164,164
Greenbelt Lake/Reservoir,Greenbelt Lake/Reservoir,0,1,1
Athens Lake/Reservoir,Athens Lake/Reservoir,0,1,1
Carrizo-Wilcox Aquifer,Carrizo-Wilcox Aquifer,0,466,466
Lake O' The Pines Lake/Reservoir,Lake O' The Pines Lake/Reservoir,0,2,2
186,Lake Livingston,0,1,1
Neches Run Of River,Neches Run Of River,0,2,2
Trinity Local Supply,Trinity Local Supply,0,1,1
Lavon Lake/Reservoir,Lavon Lake/Reservoir,0,1,1
Texoma Lake/Reservoir,Texoma Lake/Reservoir,0,3,3
Trinity Run Of River,Trinity Run Of River,0,6,6
Brazos Basin (Source Unknown),Brazos Basin (Source Unknown),0,142,142
Proctor Lake/Reservoir,Proctor Lake/Reservoir,0,1,1
White River Lake/Reservoir,White River Lake/Reservoir,0,1,1
Leon Lake/Reservoir,Leon Lake/Reservoir,0,1,1
Hubbard Creek Lake/Reservoir,Hubbard Creek Lake/Reservoir,0,2,2
370,Possum Kingdom,0,2,2
Gulf Coast Aquifer,Gulf Coast Aquifer,0,813,813
1103290,Trinity River Authority,0,4,4
Red Run Of River,Red Run Of River,0,1,1
Brazos Run Of River,Brazos Run Of River,0,10,10
137000,City Of Carthage,1,11,12
Trinity Aquifer,Trinity Aquifer,0,546,546
6650,City Of Abilene,4,32,36
O.H. Ivie Lake/Reservoir,O.H. Ivie Lake/Reservoir,0,1,1
Fort Phantom Hill Lake/Reservoir,Fort Phantom Hill Lake/Reservoir,0,1,1
1103189,North Texas Mwd Tawakoni Wtp,1,1,2
Granbury Lake/Reservoir,Granbury Lake/Reservoir,0,4,4
350,Lake Granbury,0,2,2
1100643,West Harris County Regional Water Authority,1,46,47
San Jacinto Basin (Source Unknown),San Jacinto Basin (Source Unknown),0,486,486
206800,Dallas Water Utility,11,116,127
241200,City Of Dumas,2,5,7
432800,City Of Jacksonville,3,13,16
809010,South Texas Water Authority,1,7,8
Edwards-Bfz Aquifer,Edwards-Bfz Aquifer,0,113,113
Edwards-Trinity-Plateau Aquifer,Edwards-Trinity-Plateau Aquifer,0,61,61
685400,City Of Plano,1,9,10
770,Hidalgo Co Wcid,0,1,1
Nueces-Rio Grande Basin (Source Unknown),Nueces-Rio Grande Basin (Source Unknown),0,17,17
420,West Central Texas Mwd,2,4,6
370401,Harris County Mud 401,2,2,4
185000,City Of Corpus Christi,5,32,37
12200,City Of Alice,2,2,4
160,North Texas Mwd Wylie Wtp,2,45,47
Igneous Aquifer,Igneous Aquifer,0,6,6
1104566,Gulf Coast Water Authority Tx City,9,2,11
14000,Galveston County Wcid 8,3,1,4
440100,Johnson County Sud,3,10,13
San Jacinto-Brazos Basin (Source Unknown),San Jacinto-Brazos Basin (Source Unknown),0,101,101
17600,Amarillo Municipal Water System,3,27,30
10,Canadian River Municipal Water Authority,2,10,12
Anahuac Lake/Reservoir,Anahuac Lake/Reservoir,0,1,1
Yegua-Jackson Aquifer,Yegua-Jackson Aquifer,0,53,53
28000,City Of Andrews,2,2,4
519600,City Of Lufkin,1,14,15
2000,Brazosport Water Authority,1,9,10
186300,City Of Corsicana,3,27,30
Woodbine Aquifer,Woodbine Aquifer,0,82,82
Trinity Basin (Source Unknown),Trinity Basin (Source Unknown),0,122,122
1102158,Gtua,0,2,2
848000,Texarkana Water Utilities,2,27,29
Hueco-Mesilla Bolson Aquifer,Hueco-Mesilla Bolson Aquifer,0,20,20
Trinity-San Jacinto Basin (Source Unknown),Trinity-San Jacinto Basin (Source Unknown),0,22,22
592000,City Of Nacogdoches,2,19,21
257400,City Of Elgin,1,1,2
Aquilla Lake/Reservoir,Aquilla Lake/Reservoir,0,1,1
32800,City Of Aransas Pass,2,3,5
769305,San Patricio Mwd,2,22,24
944456,City Of Wichita Falls,4,25,29
295231,Fort Bend County Fwsd 1,2,1,3
1101799,Utrwd Regional Water Treatment Plant,5,21,26
581900,Mt Enterprise Wsc,1,3,4
1104223,Tarrant Regional Water District,8,6,14
298900,City Of Fort Worth,5,129,134
144038,Central Texas Wsc,2,18,20
846000,City Of Temple,2,21,23
Seymour Aquifer,Seymour Aquifer,0,29,29
607468,North Central Texas Municipal Water Auth,2,15,17
Brazos-Colorado Basin (Source Unknown),Brazos-Colorado Basin (Source Unknown),0,29,29
25,Athens Municipal Water Authority,2,1,3
Town Lake/Reservoir,Town Lake/Reservoir,0,1,1
480,Lcra Lake Travis,0,10,10
41010,City Of Austin Water & Wastewater,4,39,43
San Antonio-Nueces Basin (Source Unknown),San Antonio-Nueces Basin (Source Unknown),0,6,6
723400,City Of Rhome,2,4,6
60,Northeast Texas Mwd,1,13,14
195,Eagle Mountain,0,4,4
44500,City Of Azle,2,3,5
325,Brazos River System,0,12,12
Baird Lake/Reservoir,Baird Lake/Reservoir,0,1,1
342282,Green Trails Mud,3,1,4
Ballinger / Moonen Lake/Reservoir,Ballinger / Moonen Lake/Reservoir,0,1,1
569950,Millersview-Doole Wsc,3,3,6
689500,Ponderosa Forest Utility District,2,4,6
51012,Bammel Utility District,4,3,7
370044,Harris County Mud 44,3,2,5
371200,North Harris County Regional Water Authority,3,53,56
450,Brown County Wcid,0,5,5
51700,City Of Bangs,2,4,6
754100,Rural Bardwell Wsc,1,2,3
Colorado Basin (Source Unknown),Colorado Basin (Source Unknown),0,49,49
60175,B & B Wsc,1,1,2
654200,City Of Pecos,2,1,3
332750,City Of Gordon,1,1,2
871716,Travis County Mud 4,2,2,4
891348,West Travis County Public Utility Agency,2,19,21
31500,Aqua Wsc,2,13,15
396200,City Of Houston,7,288,295
535858,Manville Wsc,6,13,19
15,Unspecified System/Facility,0,6,6
190,Cedar Creek Reservoir,0,8,8
458650,City Of Kaufman,1,6,7
185,Trinity River Authority-Arlington Dam 08120,1,2,3
76100,Bissonnet Mud,2,1,3
808303,South Sabine Wsc,1,2,3
378851,Bell County Wcid 1,2,7,9
Sparta Aquifer,Sparta Aquifer,0,28,28
1104842,A&V Water,0,1,1
Benbrook Lake/Reservoir,Benbrook Lake/Reservoir,0,2,2
Sulphur Basin (Source Unknown),Sulphur Basin (Source Unknown),0,4,4
72150,Bethesda Wsc,3,5,8
35000,City Of Arlington,2,25,27
1102216,Reagan County Wsd,1,1,2
1102701,North Fort Bend Water Authority,2,23,25
931834,West Harrison Wsc,2,5,7
Queen City Aquifer,Queen City Aquifer,0,22,22
500,J B Thomas Reservoir,0,1,1
63243,Beechnut Mud,2,1,3
Mexia Lake/Reservoir,Mexia Lake/Reservoir,0,1,1
739400,City Of Rockwall,1,3,4
133118,Clwsc Canyon Lake Shores,3,2,5
970040,Zephyr Wsc,2,2,4
746600,City Of Round Rock,4,24,28
141050,City Of Cedar Park,1,10,11
482989,Lamar County Water Supply District,1,11,12
370304,Harris County Mud 304,3,1,4
1102023,Brazos River Authority Granger Lake Regi,1,2,3
84000,City Of Boerne,4,1,5
San Antonio Run Of River,San Antonio Run Of River,0,1,1
1106387,Cow Creek Water Conservation District,0,1,1
580,Canyon Lake,0,7,7
Nacatoch Aquifer,Nacatoch Aquifer,0,17,17
140,Lower Neches Valley Authority,3,28,31
1101670,North Texas Municipal Water District,0,2,2
Sabine Basin (Source Unknown),Sabine Basin (Source Unknown),0,21,21
Canadian Basin (Source Unknown),Canadian Basin (Source Unknown),0,1,1
1101856,Canadian River Mwa,0,2,2
88000,Borger Municipal Water System,3,10,13
Amon G Carter Lake/Reservoir,Amon G Carter Lake/Reservoir,0,1,1
916900,Walnut Creek Sud,1,8,9
Dockum Aquifer,Dockum Aquifer,0,22,22
Hickory Aquifer,Hickory Aquifer,0,18,18
32010,Aquilla Wsd,1,5,6
828100,City Of Sulphur Springs,1,12,13
95252,Brazoria County Mud 2,1,3,4
Daniel Lake/Reservoir,Daniel Lake/Reservoir,0,1,1
97600,City Of Brenham,2,9,11
366,Lake Sommerville,0,1,1
Lavaca-Guadalupe Basin (Source Unknown),Lavaca-Guadalupe Basin (Source Unknown),0,3,3
Red Basin (Source Unknown),Red Basin (Source Unknown),0,12,12
627600,Orangefield Wsc,1,1,2
98065,Bridgestone Mud,3,2,5
95,Lake Fork,0,3,3
835550,City Of Sweetwater,3,10,13
1103567,Texas Tech,0,1,1
1104297,Aubrey Faubion,0,1,1
1102593,Goodman,0,1,1
Rio Grande Run Of River,Rio Grande Run Of River,0,18,18
1103610,Southmost Regional Water Authority,0,1,1
923800,Wellborn Sud,5,2,7
102400,City Of Bryan,3,11,14
295203,Fort Belknap Wsc,1,3,4
Ellenburger-San Saba Aquifer,Ellenburger-San Saba Aquifer,0,15,15
595,San Marcos River,0,1,1
105600,City Of Buda,3,3,6
920800,City Of Waxahachie,3,16,19
460,Lcra Inks Lake,0,1,1
Neches Basin (Source Unknown),Neches Basin (Source Unknown),0,34,34
109600,City Of Burkburnett,3,3,6
395330,City Of Hooks,1,1,2
Inks Lake/Reservoir,Inks Lake/Reservoir,0,1,1
113600,City Of Burnet,3,1,4
94450,Brandon-Irene Wsc,4,1,5
216950,Dean Dale Sud,1,1,2
607507,Concho Rural Water North Concho Lake Est,1,1,2
395350,Caddo Basin Sud,2,1,3
342340,City Of Greenville,2,9,11
1102105,Guadalupe Blanco River Authority,1,1,2
Falcon Lake/Reservoir,Falcon Lake/Reservoir,0,9,9
131700,City Of Camp Wood,3,1,4
Nueces Run Of River,Nueces Run Of River,0,3,3
West Texas Bolson Aquifer,West Texas Bolson Aquifer,0,6,6
San Jacinto-Brazos Run Of River,San Jacinto-Brazos Run Of River,0,3,3
Mill Creek Lake/Reservoir,Mill Creek Lake/Reservoir,0,1,1
8860,Acton Mud,3,6,9
Canyon Lake/Reservoir,Canyon Lake/Reservoir,0,4,4
Guadalupe Run Of River,Guadalupe Run Of River,0,11,11
Dunlap Lake/Reservoir,Dunlap Lake/Reservoir,0,1,1
1103167,Guadalupe Blanco River Authority Gbra Lake Dunlap,0,2,2
579,Run Of The River,0,3,3
249050,City Of Eastland,2,8,10
60200,City Of Beaumont Water Utility Dept,2,26,28
953200,Wickson Creek Sud,3,2,5
Cedar Creek Lake/Reservoir - Trinity,Cedar Creek Lake/Reservoir - Trinity,0,6,6
120,Panola County Fwsd,0,1,1
1104854,Sabine River Authority,0,2,2
932915,Weston Mud,1,1,2
138600,City Of Castroville,2,1,3
60110,Baytown Area Water Authority,1,2,3
184300,City Of Copperas Cove,2,4,6
Travis Lake/Reservoir,Travis Lake/Reservoir,0,7,7
Pinkston Lake/Reservoir,Pinkston Lake/Reservoir,0,1,1
Center Lake/Reservoir,Center Lake/Reservoir,0,1,1
911600,City Of Waco,4,32,36
547800,City Of Mcgregor,2,3,5
Stillhouse Hollow Lake/Reservoir,Stillhouse Hollow Lake/Reservoir,0,3,3
60000,City Of Baytown,1,15,16
116250,City Of Byers,2,2,4
1102906,Mission Bend Integrated System,3,3,6
465000,City Of Kerrville,5,5,10
148200,City Of Chico,3,2,5
149000,City Of Childress,2,1,3
20,Greenbelt Miwa,2,26,28
150620,Chimney Hill Mud,3,2,5
1103832,China Spring Ranches,0,1,1
380400,City Of Henderson,2,8,10
778200,City Of Schertz,2,3,5
133134,Crwa Lake Dunlap Wtp,3,6,9
370081,Harris County Mud 81,4,3,7
153276,Cinco Mud 1,4,12,16
Cisco Lake/Reservoir,Cisco Lake/Reservoir,0,1,1
Blossom Aquifer,Blossom Aquifer,0,2,2
651900,City Of Pasadena,2,36,38
159000,Clear Lake City Water Authority,4,7,11
355,Aquilla Creek,0,1,1
Pat Cleburne Lake/Reservoir,Pat Cleburne Lake/Reservoir,0,1,1
160200,City Of Cleburne,3,11,14
423502,Indigo Lakes Water System,1,1,2
162600,City Of Clute,3,2,5
Clyde Lake/Reservoir,Clyde Lake/Reservoir,0,1,1
398650,Howard County Wcid 1,1,1,2
733500,City Of Robert Lee,1,1,2
165200,City Of Coleman,3,3,6
98360,Brookesmith Special Utility District,1,2,3
Guadalupe Basin (Source Unknown),Guadalupe Basin (Source Unknown),0,8,8
Coleman Lake/Reservoir,Coleman Lake/Reservoir,0,2,2
Hords Creek Lake/Reservoir,Hords Creek Lake/Reservoir,0,1,1
Scarborough Lake/Reservoir,Scarborough Lake/Reservoir,0,1,1
847509,City Of Terrell,1,9,10
165400,City Of College Station,7,2,9
1104690,Tra Tarrant County Water Project,1,1,2
166810,City Of The Colony,4,3,7
Pecos Aquifer,Pecos Aquifer,0,11,11
692700,Post Oak Sud,2,2,4
280,Upper Leon River Mwd,2,8,10
176300,City Of Comanche,1,2,3
927665,Westbound Wsc,3,1,4
334600,City Of Granbury,3,5,8
368810,Harlingen Water Works System,2,17,19
175400,Kendall County Wcid 1,2,1,3
Tawakoni Lake/Reservoir,Tawakoni Lake/Reservoir,0,3,3
Lipan Aquifer,Lipan Aquifer,0,9,9
282850,Faulkey Gully Mud,2,1,3
1102438,Greenfield Forest,0,1,1
268600,City Of Ennis,2,15,17
267000,City Of Emory,1,2,3
881200,City Of Tyler,3,11,14
180195,Conroe Bay Water Sewer Supply,2,1,3
1103810,Sjra Grp Sw Treatment Plant,1,7,8
197116,Bennett Woods,1,1,2
1103169,Crwa Wells Ranch,1,7,8
183600,City Of Converse,3,4,7
182900,Hills Of Briar Oaks,1,1,2
Cooper City/Big Creek Lake/Reservoir,Cooper City/Big Creek Lake/Reservoir,0,1,1
737800,City Of Rockport,1,3,4
280825,City Of Farmersville,1,3,4
184500,Corinthian Point Mud 2,2,1,3
1102084,Gbra Western Canyon Water Supply,1,9,10
Colorado Run Of River,Colorado Run Of River,0,6,6
570,Lk Texana,0,2,2
Choke Canyon Lake/Reservoir,Choke Canyon Lake/Reservoir,0,2,2
Corpus Christi Lake/Reservoir,Corpus Christi Lake/Reservoir,0,1,1
Halbert Lake/Reservoir,Halbert Lake/Reservoir,0,1,1
Richland Chambers Lake/Reservoir,Richland Chambers Lake/Reservoir,0,2,2
182,Navarro Mills,0,2,2
320200,City Of Gatesville,1,7,8
470,Lake Lbj,0,2,2
723950,Rice Wsc,2,1,3
1101865,Metro H20,0,3,3
927200,City Of West,2,1,3
174600,City Of Combes,1,1,2
521625,City Of Mabank,1,3,4
597050,City Of Nederland,1,3,4
138350,Cash Sud,2,7,9
133137,Crwa Hays Caldwell Wtp,2,3,5
189000,City Of Crandall,2,1,3
189800,City Of Crane,2,6,8
220,Houston County Wcid 1,1,4,5
250,Lake Houston,0,2,2
290,White River Mwd,2,4,6
820165,Springs Hill Wsc,5,6,11
701400,City Of Princeton,1,1,2
201230,Cypress Creek Utility District,3,3,6
538090,City Of Marshall,1,11,12
401000,Liberty County Fwsd 1 Hull,1,1,2
White Rock Lake/Reservoir,White Rock Lake/Reservoir,0,1,1
Lewisville Lake/Reservoir,Lewisville Lake/Reservoir,0,3,3
Ray Roberts Lake/Reservoir,Ray Roberts Lake/Reservoir,0,2,2
Grapevine Lake/Reservoir,Grapevine Lake/Reservoir,0,3,3
Record Cross Lake/Reservoir,Record Cross Lake/Reservoir,0,1,1
Ray Hubbard Lake/Reservoir,Ray Hubbard Lake/Reservoir,0,1,1
212450,Dallas Fort Worth Airport,4,1,5
Bridgeport Lake/Reservoir,Bridgeport Lake/Reservoir,0,2,2
Bone Spring-Victorio Peak Aquifer,Bone Spring-Victorio Peak Aquifer,0,1,1
Rio Grande Basin (Source Unknown),Rio Grande Basin (Source Unknown),0,2,2
Randell Lake/Reservoir,Randell Lake/Reservoir,0,1,1
222800,City Of Denton,3,12,15
222805,Trophy Club Mud 1,4,2,6
223600,City Of Denver City,2,1,3
Blaine Aquifer,Blaine Aquifer,0,2,2
640600,City Of Palestine,1,2,3
421036,Texarkana Mill,0,1,1
790,Donna Id Hidalgo County,0,1,1
793000,City Of Sherman,3,18,21
956800,City Of Woodville,1,1,2
790875,Shasla Pud,2,1,3
College Lake/Reservoir,College Lake/Reservoir,0,1,1
871728,City Of Lago Vista,1,1,2
237368,Somerville Place,2,1,3
69500,Benchley Oaks Subdivision,1,1,2
237363,Lakeview N Marshall Oaks Sommerville Pla,2,1,3
497200,City Of Lindale,1,1,2
Cedar Creek Lake/Reservoir - Colorado,Cedar Creek Lake/Reservoir - Colorado,0,1,1
764200,San Antonio Water System,11,74,85
1104496,Saws Northeast,2,1,3
300,Eastland County Water Supply District,1,2,3
603200,City Of Newton,1,1,2
623597,Olmito Wsc,1,1,2
911,North Cameron Regional Water Treatment F,1,1,2
670,Cameron County Wcid,0,3,3
177000,City Of Commerce,2,5,7
619550,City Of Odessa,2,17,19
811360,Southwest Fannin County Sud,1,1,2
750,Hidalgo Cameron Wcid,0,5,5
82110,Bluebonnet Wsc,1,6,7
253400,City Of Eden,2,1,3
112050,Burleson County Mud 1,1,3,4
90,Sabine River Authority-Lake Tawakoni 05010,1,5,6
254000,City Of Edinburg,4,6,10
546200,Mcallen Public Utility,3,8,11
607425,North Alamo Wsc,9,15,24
Lavaca Basin (Source Unknown),Lavaca Basin (Source Unknown),0,6,6
80,Toledo Bend,0,3,3
Colorado-Lavaca Basin (Source Unknown),Colorado-Lavaca Basin (Source Unknown),0,9,9
512010,City Of Longview,5,19,24
728600,City Of Rio Grande City,1,3,4
422250,City Of Iowa Park,1,6,7
100400,Brownsville Public Utilities Board,2,7,9
743400,City Of Rosenberg,3,9,12
335500,Grand Mission Mud 1,2,3,5
San Antonio Basin (Source Unknown),San Antonio Basin (Source Unknown),0,8,8
260300,El Paso Water Utilities Public Service B,3,41,44
260340,Horizon Regional Mud,2,1,3
369970,Harris County Fwsd 61,2,6,8
267100,Encanto Real Utility District,3,2,5
606200,Northampton Mud,3,4,7
829478,Sunilandings Utilities,1,1,2
Bardwell Lake/Reservoir,Bardwell Lake/Reservoir,0,1,1
821109,City Of Stamford,1,4,5
466800,City Of Kingsville,2,3,5
163400,City Of Clyde,2,2,4
175,Cedar Creek Reservoir,0,3,3
807410,South Jasper Wsc,2,1,3
277575,Fair Oaks Ranch Utilities,3,1,4
741100,City Of Roma,1,1,2
1103097,Hidalgo Irrigation District,0,1,1
282900,Fayette Wsc West,4,3,7
283800,Federal Correctional Institution La Tuna,2,1,3
737500,Rockett Sud,2,7,9
295284,Fort Bend County Mud 115 Riverstone,4,2,6
285659,Fort Bend County Mud 149,3,2,5
828050,City Of Sugar Land,6,14,20
551005,City Of Missouri City Mustang Bayou Wate,2,8,10
285660,Fort Bend County Mud 151,2,1,3
821000,Fort Bend County Wcid 2,2,4,6
143560,City Of Center,2,5,7
322600,City Of Georgetown,6,6,12
1040,Mackenzie Municipal Water Authority,1,4,5
563800,City Of Mexia,2,6,8
370011,Harris County Mud 11,3,2,5
293141,Forest Hills Mud,4,2,6
295220,Fort Bend County Mud 23,1,2,3
727400,City Of Richmond,2,5,7
334350,City Of Graham,1,4,5
466665,Kingsbridge Mud,3,1,4
295212,Fort Bend County Mud 25,2,1,3
866275,Thunderbird Utility District System 2,2,1,3
458600,City Of Katy,3,3,6
295294,Fort Bend County Mud 119,2,1,3
707550,Quail Valley Utility District,2,3,5
285640,Fort Bend County Mud 133,2,2,4
1102376,Fort Bend County Mud 57,2,2,4
Brazos River Authority,Brazos River Authority,0,1,1
722728,Renn Road Mud,1,1,2
1103683,City Of Sugar Land River Park,3,1,4
295292,City Of Sugar Land - New Territory,2,1,3
285643,Fort Bend County Mud 143 Water View Esta,2,1,3
295297,Fort Bend County Mud 122,2,1,3
Nueces Basin (Source Unknown),Nueces Basin (Source Unknown),0,4,4
296000,City Of Fort Stockton,2,2,4
205,Richland Chambers Creek,0,2,2
206,Lake Benbrook,0,1,1
611027,Northwest Harris County Mud 21,3,4,7
304801,City Of Freeport Slaughter Road,2,1,3
307200,City Of Frisco,3,3,6
Hubert H Moss Lake/Reservoir,Hubert H Moss Lake/Reservoir,0,1,1
90800,City Of Bowie,1,1,2
1103612,Rusk Rural Wsc Us 69 Plant,1,1,2
316325,Galveston County Wcid 1,2,2,4
342300,Green Valley Sud,4,9,13
50225,City Of Baird,2,1,3
365,Belton Enl,0,1,1
488850,City Of Leander,3,2,5
Lake Georgetown,Lake Georgetown,0,2,2
324200,City Of Giddings,1,3,4
Gladewater Lake/Reservoir,Gladewater Lake/Reservoir,0,1,1
873990,Tra Trinity County Regional,0,1,1
237349,Somervell County Water District - Wheele,2,1,3
329000,City Of Glen Rose,3,1,4
683170,City Of Pineland,1,2,3
Toledo Bend Lake/Reservoir,Toledo Bend Lake/Reservoir,0,1,1
379400,City Of Hemphill,1,1,2
188080,County Line Sud,2,1,3
612215,Nueces Wsc,1,2,3
Goldthwaite Reservoir,Goldthwaite Reservoir,0,1,1
770600,City Of San Saba,1,3,4
658300,Capitan Enterprises Inc,0,1,1
331950,City Of Gonzales,2,5,7
147675,Chatfield Wsc,1,1,2
571490,City Of Mineral Wells,2,11,13
Graham Lake/Reservoir,Graham Lake/Reservoir,0,1,1
106000,Buena Vista Bethel Sud,2,2,4
1103074,Colorado River Municipal Water District,1,1,2
566200,City Of Midlothian,2,14,16
535800,City Of Mansfield,2,12,14
Lbj Lake/Reservoir,Lbj Lake/Reservoir,0,3,3
764157,City Of San Angelo,3,12,15
170,Dallas County Parks Cities Mud,0,3,3
240400,City Of Dublin,1,2,3
540700,Mason Creek Utility District,1,2,3
Sabine Local Supply,Sabine Local Supply,0,1,1
651805,Parkway Utility District,3,1,4
655500,Pennington Wsc,1,1,2
Capitan Reef Complex Aquifer,Capitan Reef Complex Aquifer,0,1,1
581500,Mountain Peak Sud,5,4,9
874457,Trinity Rural Wsc 3,1,1,2
710,Harlingen Id,0,1,1
256600,City Of Electra,1,1,2
1100619,North Channel Water Authority,1,8,9
371116,Harris County Wcid 116,3,4,7
201240,Cypress Forest Pud,3,1,4
408555,Hunters Glen Mud,1,1,2
370221,Harris County Mud 221,3,2,5
370109,Harris County Mud 109,1,2,3
371109,Harris County Wcid 109,2,1,3
1102875,Harris County Mud 62,2,1,3
929302,West Harris County Mud 2 Chase,2,2,4
370063,Texas Operations & Professional Services-Harris County Mud 63,2,1,3
370432,Harris County Mud 432,3,2,5
370064,Harris County Mud 64,6,4,10
370144,Harris County Mud 144,3,2,5
871435,Trail Of The Lakes Mud,1,1,2
370119,Harris County Mud 119,2,1,3
370118,Harris County Mud 118,3,2,5
370147,Harris County Mud 147,2,2,4
370179,Harris County Mud 179,4,1,5
370183,Harris County Mud 183,3,1,4
370120,Harris County Mud 120,2,1,3
370180,Harris County Mud 180,2,1,3
1103440,Central Harris County Regional Water Aut,1,4,5
370132,Harris County Mud 132,1,1,2
370152,Harris County Mud 152,2,1,3
Unknown Basin (Source Unknown),Unknown Basin (Source Unknown),0,5,5
370172,Harris County Mud 172,2,1,3
370163,Harris County Mud 163,5,1,6
370186,Harris County Mud 186,5,2,7
370208,Harris County Mud 208,4,4,8
370188,Harris County Mud 188,4,1,5
370155,Harris County Mud 155,4,3,7
370276,Harris County Mud 276,2,1,3
370239,Harris County Mud 239,3,3,6
611038,Northwest Harris County Mud 29,2,3,5
370170,Edp Water-Harris County Mud 170,1,1,2
370102,Harris County Mud 102,3,2,5
370162,Harris County Mud 162,5,5,10
370196,Harris County Mud 196,3,2,5
611016,Northwest Harris County Mud 6,3,1,4
370200,Harris County Mud 200 Cranbrook,2,4,6
370233,Harris County Mud 233,2,1,3
512000,Longhorn Town Utility District,2,1,3
370023,Harris County Mud 23,2,1,3
370154,Harris County Mud 154,3,1,4
370230,Harris County Mud 230,3,2,5
611032,Northwest Harris County Mud 20,3,2,5
370127,Harris County Mud 127,3,1,4
395825,Horsepen Bayou Mud,3,1,4
370149,Harris County Mud 149,4,1,5
944490,Windfern Forest Utility District,2,1,3
611025,Northwest Harris County Mud 15,4,2,6
369956,Harris County Fwsd 51,2,2,4
370071,Harris County Mud 71,2,1,3
1102277,Central Harris County Regional Water Authority,0,1,1
370217,Harris County Mud 217,1,1,2
201900,Cypress Klein Utility District Wimbleton,2,1,3
279800,Fallbrook Utility District,1,1,2
370358,Harris County Mud 358,1,4,5
370344,Harris County Mud 344,2,2,4
370216,Harris County Mud 216,2,1,3
932750,West Park Mud,2,2,4
370360,Harris County Mud 360,1,2,3
370365,Harris County Mud 365,3,2,5
370383,Harris County Mud 383,3,1,4
611021,Northwest Harris County Mud 10,3,1,4
370387,Harris County Mud 387,2,1,3
370405,Harris County Mud 405,2,1,3
370065,Harris County Mud 65,3,2,5
370286,Harris County Mud 286,3,1,4
370480,Harris County Mud 480,3,1,4
1102316,Aqua Texas Inc,0,1,1
778800,City Of Seabrook,2,1,3
371092,Harris County Wcid 92,2,2,4
371119,Harris County Wcid 119,3,2,5
432300,Jackrabbit Road Pud,3,1,4
372014,Harris County Ud 14,2,2,4
295208,Harris Fort Bend Counties Mud 5,2,1,3
153225,Cimarron Mud,4,2,6
29800,City Of Anson,1,1,2
954550,Woodcreek Mud,2,2,4
Belton Lake/Reservoir,Belton Lake/Reservoir,0,1,1
Sabine Run Of River,Sabine Run Of River,0,2,2
Henrietta Lake/Reservoir,Henrietta Lake/Reservoir,0,1,1
513200,City Of Lorena,3,1,4
387610,Hidalgo County Mud 1,2,1,3
Alice Lake/Reservoir,Alice Lake/Reservoir,0,1,1
Marble Falls Aquifer,Marble Falls Aquifer,0,3,3
293600,City Of Forney,1,7,8
891400,City Of Uvalde,3,2,5
16800,City Of Alvin,1,3,4
502550,Town Of Little Elm,1,2,3
325500,Gill Wsc,2,2,4
399600,City Of Hughes Springs,1,6,7
1102791,Municipal Groundwater Solutions,1,1,2
1103447,130 Regional Wsc,1,3,4
Livingston Lake/Reservoir,Livingston Lake/Reservoir,0,2,2
Lake Houston,Lake Houston,0,2,2
San Jacinto Run Of River,San Jacinto Run Of River,0,1,1
73950,City Of Big Spring,1,8,9
341465,Greater Texoma Utility Authority,1,2,3
921600,City Of Weatherford,3,6,9
1104658,Tra Huntsville Regional Water Supply,1,1,2
410850,Hurst Creek Mud,2,1,3
844400,City Of Taylor,1,4,5
249953,East Rio Hondo Wsc,5,4,9
Austin Lake/Reservoir,Austin Lake/Reservoir,0,1,1
804150,City Of Snyder,2,5,7
754600,City Of Rusk,1,1,2
Chapman Lake/Reservoir,Chapman Lake/Reservoir,0,3,3
255000,City Of El Campo,1,1,2
372006,Harris County Utility District 6,3,1,4
Jacksonville Lake/Reservoir,Jacksonville Lake/Reservoir,0,1,1
Jacksboro Lake/Reservoir,Jacksboro Lake/Reservoir,0,1,1
438400,City Of Joaquin,2,2,4
316200,City Of Galveston,1,4,5
762020,Salado Wsc,3,2,5
1103382,Northeast Texas Municipal Water District,0,1,1
125,City Of Logansport La,0,1,1
413200,City Of Hutto,4,1,5
368,Lake Granger,0,2,2
Junction Lake/Reservoir,Junction Lake/Reservoir,0,1,1
295237,Fort Bend County Mud 37,2,3,5
1106483,Waller County Improvement District #2,0,1,1
562200,City Of Mesquite,2,4,6
1103149,Southwest Water Company (Travis Co),0,1,1
492650,Leveretts Chapel Wsc,1,1,2
Guadalupe Local Supply,Guadalupe Local Supply,0,1,1
Fork Lake/Reservoir,Fork Lake/Reservoir,0,2,2
760900,Sagemeadow Utility District,2,1,3
203100,Cypresswood Utility District,2,1,3
473000,City Of Kyle,4,2,6
769000,City Of San Marcos,3,10,13
1103349,"Seguro Water Co, Llc",0,1,1
479700,Agua Sud,5,3,8
La Joya Lake,La Joya Lake,0,1,1
805,Hidalgo County Id,0,1,1
765,Hidalgo County Wcid,0,1,1
Rio Grande Local Supply,Rio Grande Local Supply,0,1,1
Buchanan Lake/Reservoir,Buchanan Lake/Reservoir,0,2,2
93600,City Of Brady Water System,1,1,2
481273,City Of Horseshoe Bay,2,6,8
410,Palo Pinto Mwd,0,2,2
481304,Lake Palo Pinto Area Wsc,2,1,3
518000,Lubbock Public Water System,4,31,35
817612,Westwood Beach,1,1,2
481360,Pinnacle Club,0,1,1
639520,Paint Creek Wsc,2,1,3
482800,Lakeway Mud,2,2,4
651250,City Of Paris,1,8,9
483600,City Of Lamesa,3,1,4
461500,Kempner Wsc,2,3,5
485600,City Of La Porte,3,15,18
486190,City Of Laredo,2,4,6
487850,Lazy River Improvement District,2,1,3
320,San Jacinto System,0,2,2
488400,City Of League City,4,1,5
1104262,Lcra/Bcrua,0,1,1
480356,Lake Buchanan,1,2,3
493200,City Of Lewisville,3,13,16
465800,City Of Kilgore,2,8,10
504850,City Of Live Oak,2,1,3
1104740,Tra Livingston Regional Water Supply,1,1,2
557400,City Of Mercedes,3,5,8
507000,City Of Lockney,3,1,4
Colorado River,Colorado River,0,1,1
98220,Brittmoore Utility,1,1,2
370345,Harris County Mud 345,3,2,5
110,Cherokee Water Company,0,1,1
1102503,Lower Colorado River Authority,0,1,1
336,Lake Waco,0,1,1
1102242,Southmost Regional Water Authority,1,2,3
847506,Terranova West Mud,3,1,4
Alan Henry Lake/Reservoir,Alan Henry Lake/Reservoir,0,2,2
535000,City Of Manor,5,1,6
659800,City Of Pflugerville,4,4,8
15600,Slr Property I Lp-Rockdale-Sandow,1,1,2
Edwards-Trinity-High Plains Aquifer,Edwards-Trinity-High Plains Aquifer,0,2,2
Marathon Aquifer,Marathon Aquifer,0,1,1
536350,City Of Marble Falls,2,2,4
New Marlin Lake/Reservoir,New Marlin Lake/Reservoir,0,1,1
Cypress Run Of River,Cypress Run Of River,0,1,1
Tradinghouse Creek Lake/Reservoir,Tradinghouse Creek Lake/Reservoir,0,1,1
132210,Caney Creek Mud Of Matagorda County,1,1,2
840,Maverick County Wcid,0,1,1
891344,Upton County Wcid 1 Mccamey,1,1,2
394000,City Of Honey Grove,2,2,4
Kiamesha Lake/Reservoir,Kiamesha Lake/Reservoir,0,1,1
99200,City Of Brownfield,1,2,3
552895,City Of Meadowlakes,2,1,3
Colorado Local Supply,Colorado Local Supply,0,1,1
552900,City Of Meadows Place,2,1,3
Neches-Trinity Basin (Source Unknown),Neches-Trinity Basin (Source Unknown),0,1,1
1104256,Baylor Water,1,1,2
867200,Timber Lane Utility District,2,2,4
555800,City Of Memphis,3,2,5
1105159,Hidalgo Irrigation District,0,1,1
390,Bi Stone Mwd,0,2,2
76150,Bistone Municipal Water Supply,2,5,7
1103365,Midland Fresh Water Supply District #1,0,1,1
168403,Colorado River Mwd Ev Spence Reservoir,0,2,2
172,Joe Pool,0,1,1
1102621,Tarrant Regional Water District,0,1,1
183860,City Of Cooper,1,1,2
286250,Files Valley Wsc,1,3,4
569980,Mills Road Mud,2,2,4
826450,City Of Strawn,2,3,5
576089,Montgomery County Mud 89,2,2,4
466684,Kings Manor Mud,1,1,2
719340,Rayford Road Mud,3,1,4
721002,Red Oak Ranch Water System,2,1,3
576630,Montgomery County Mud 99,4,4,8
576636,Montgomery County Ud 3,2,1,3
690500,Porter Sud,1,5,6
180200,City Of Conroe,3,17,20
576675,Montgomery County Mud 83,1,1,2
1106181,Bluebonnet W.S.C.,0,1,1
492800,Levi Wsc,1,1,2
1105058,Centeral Texas Wsc,0,1,1
259100,Eol Wsc,1,1,2
778048,Fort Griffin Sud,1,2,3
1095,La Porte Area Water Authority,0,2,2
718560,City Of Ranger,1,3,4
774000,Sardis Lone Elm Wsc,6,1,7
Cypress Springs Lake/Reservoir,Cypress Springs Lake/Reservoir,0,4,4
Bob Sandlin Lake/Reservoir,Bob Sandlin Lake/Reservoir,0,1,1
197200,Crystal Systems,1,1,2
731690,R M S Wsc,1,2,3
585400,Muleshoe Municipal Water System,2,1,3
367600,City Of Hamilton,1,3,4
Nacogdoches Lake/Reservoir,Nacogdoches Lake/Reservoir,0,1,1
601600,New Braunfels Utilities,8,8,16
783000,City Of Seguin,3,9,12
801800,City Of Slaton,1,3,4
574200,City Of Monahans,1,1,2
605600,City Of Nocona,2,1,3
Nocona Lake/Reservoir,Nocona Lake/Reservoir,0,1,1
Lower Neches Valley Authority Canal,Lower Neches Valley Authority Canal,0,1,1
800,Hidalgo County Id,0,1,1
1101854,Hcid,0,1,1
820,Delta Lake Id,0,1,1
1101947,Donna Irrigation District,0,1,1
1102813,Santa Cruz Irrigation District,0,1,1
342230,Tng Utility Corporation-Greens Parkway Mud,1,1,2
607532,Northgate Crossing Mud 2,2,1,3
607529,Northgate Crossing Mud 1,1,1,2
607536,North Green Mud,2,2,4
302400,City Of Franklin,1,1,2
221950,City Of Denison,1,13,14
952900,City Of Winters,1,1,2
902200,City Of Vernon,1,8,9
611036,Northwest Harris County Mud 36,2,1,3
236500,Meadowhill Regional Mud,2,2,4
370202,Harris County Mud 202,3,1,4
1104637,Harris County Mud 281,1,1,2
611029,Northwest Harris County Mud 23,3,1,4
370168,Harris County Mud 168,3,3,6
1104045,Harris County Mud 530,2,1,3
555625,Memorial Mud,4,2,6
33050,Maple Leaf Mobile Home Subdivision,1,2,3
1101833,Doyle Brooks,0,1,1
1102943,Crmwd,0,1,1
186400,Coryell City Water Supply District,1,1,2
Olney Lake/Reservoir,Olney Lake/Reservoir,0,1,1
Brazos River Alluvium Aquifer,Brazos River Alluvium Aquifer,0,5,5
130,Upper Neches River Authority,0,1,1
641640,City Of Palm Valley,2,1,3
642200,City Of Pampa,3,2,5
Pat Mayse Lake/Reservoir,Pat Mayse Lake/Reservoir,0,1,1
342345,Greenwood Utility District,3,1,4
652130,Paxton Wsc,2,1,3
657400,Perryton Municipal Water System,2,1,3
Lake Pflugerville,Lake Pflugerville,0,1,1
663800,City Of Pharr,2,2,4
683205,Pine Shadows Subdivision,0,1,1
1104106,Northeast Texas Mwd Pittsburg Plant,1,1,2
295286,City Of Sugar Land - Greatwood,4,4,8
788548,Shady Grove No 2 Wsc,1,1,2
690350,City Of Port Arthur,2,14,16
590,Run Of The River,0,1,1
Possum Kingdom Lake/Reservoir,Possum Kingdom Lake/Reservoir,0,1,1
215800,City Of Dawson,1,1,2
843575,Tattor Road Mud,2,1,3
227600,City Of Diboll,2,8,10
699915,Prestonwood Forest Utility District,3,2,5
492000,Leroy Tours Gerald Wsc,1,1,2
1106135,University Lands,0,1,1
1103744,City Of Bryan,0,1,1
402000,City Of Humble,3,5,8
718410,Barton Creek Lakeside,2,1,3
891346,Upton County Wcid 1 Rankin,2,1,3
825,Delta Lake Ma,0,1,1
878000,Turkey Municipal Water System,1,1,2
924000,Wellington Municipal Water System,1,1,2
722626,Reid Road Mud 2,2,2,4
1106317,Ahu Condensate Recovery,0,1,1
544955,Mayde Creek Mud,3,1,4
Weatherford Lake/Reservoir,Weatherford Lake/Reservoir,0,2,2
612210,Nueces County Wcid 3,1,2,3
Worth Lake/Reservoir,Worth Lake/Reservoir,0,2,2
731100,River Plantation Mud,2,1,3
1103539,Walker County Sud D,1,1,2
98305,City Of Bronte,5,1,6
Brazos Local Supply,Brazos Local Supply,0,1,1
741200,Roman Forest Consolidated Mud,1,2,3
100,Run Of The River Orange County,0,1,1
1102851,Bwa,0,1,1
146000,Chalk Bluff Wsc,1,1,2
1102867,Brushy Creek Regional Utility Authority,1,1,2
50700,City Of Ballinger,3,4,7
210,Lake Bridgeport,0,3,3
1106299,Central Texas Water Supply Corporation,0,1,1
130690,City Of Cameron,1,1,2
730746,Rivercrest Water System,1,1,2
Twin Buttes Lake/Reservoir,Twin Buttes Lake/Reservoir,0,1,1
168404,Colorado River Mwd Oh Ivie Reservoir,0,2,2
1103016,Water Exploration Company (Weco),0,1,1
1106286,Central Texas Regional Wsc,1,1,2
2510,Saws Asr Project,0,1,1
1102903,Schertz Seguin Local Government Corporation (Sslgc),0,2,2
San Augustine City Lake/Reservoir,San Augustine City Lake/Reservoir,0,1,1
765200,City Of San Augustine,1,1,2
845040,Tcw Supply,3,6,9
768650,Sjra The Woodlands,3,2,5
1103639,Gulf Coast Water Authority,0,2,2
1103607,City Of Corpus Christi,0,1,1
1104670,San Pedro Water Resources,1,1,2
700,La Feria Wcid,0,1,1
11420,City Of Albany,1,1,2
1103555,Schertz Seguin Local Government Corporat,2,4,6
289800,Town Of Flower Mound,2,1,3
Nueces-Rio Grande Local Supply,Nueces-Rio Grande Local Supply,0,1,1
231600,City Of Dodd City,1,1,2
788800,City Of Shallowater,3,1,4
Nueces-Rio Grande Run Of River,Nueces-Rio Grande Run Of River,0,1,1
795391,Sienna Regional Mud,3,8,11
899000,City Of Van Horn,1,2,3
168400,Colorado River Mwd Snyder Well Field,0,1,1
179327,Concord-Robbins Wsc,2,1,3
807025,Southern Montgomery County Mud,4,1,5
807400,City Of South Houston,4,3,7
98100,Bright Star-Salem Sud,2,1,3
370999,Harris County Wcid Fondren Road,2,1,3
819475,Spencer Road Pud,3,1,4
93450,City Of Brackettville,1,1,2
Placid Lake/Reservoi,Placid Lake/Reservoi,0,1,1
Stamford Lake/Reservoir,Stamford Lake/Reservoir,0,1,1
95900,City Of Breckenridge,2,7,9
Tucker Lake/Reservoir,Tucker Lake/Reservoir,0,1,1
503600,City Of Littlefield,2,3,5
Palestine Lake/Reservoir,Palestine Lake/Reservoir,0,2,2
Oak Creek Lake/Reservoir,Oak Creek Lake/Reservoir,0,1,1
37400,City Of Aspermont,2,3,5
734900,City Of Roby,1,1,2
823104,Chateau Woods Mud,1,1,2
695300,City Of Pottsboro,2,1,3
692800,Postwood Mud,2,2,4
6670,Ables Springs Sud,1,1,2
677600,Unspecified System/Facility,0,1,1
514900,Louetta Road Utility District,3,1,4
Wright Patman Lake/Reservoir,Wright Patman Lake/Reservoir,0,1,1
State Of Arkansas,State Of Arkansas,0,1,1
926400,City Of Weslaco,2,5,7
1106800,Escondido Creek Estates,0,1,1
854600,Wood Trace Mud 1,2,1,3
Rita Blanca Aquifer,Rita Blanca Aquifer,0,1,1
1030,Lake Texoma,0,1,1
195400,City Of Crowell,1,1,2
817050,Southwest Milam Wsc,2,4,6
866250,City Of Three Rivers,2,2,4
295225,Fort Bend County Mud 26 Quail Green West,2,1,3
50720,City Of Balmorhea,1,1,2
871740,Travis County Wcid 20,1,1,2
871726,Travis County Wcid 17,3,1,4
1103179,Lower Colorado River Authority Lcra Lake Austin,0,2,2
582250,City Of Mount Pleasant,2,9,11
82015,Walnut Springs,1,1,2
Trinidad Lake/Reservoir,Trinidad Lake/Reservoir,0,1,1
950,Tra Trinity County Regional,1,1,2
150,Chambers Liberty County Navigation District,0,1,1
824120,Steamboat Mountain Wsc,1,2,3
611034,Northwest Harris County Mud 24,2,1,3
1104101,Carroll Wsc Well 3,1,1,2
Tyler Lake/Reservoir,Tyler Lake/Reservoir,0,1,1
221200,Del Rio Utilities Commission,1,1,2
1104224,O.J.R Regional Reclamation Plant,0,1,1
1103648,San Antonio River Authority,0,1,1
1102279,Gary Drgac,0,1,1
508843,Plant Eh & S Dept Central Plant,0,1,1
1101080,James Ratliff,0,1,1
820200,City Of Spur,1,2,3
902354,Grand Lakes Mud 4,2,2,4
Waco Lake/Reservoir,Waco Lake/Reservoir,0,1,1
609850,City Of North Richland Hills,2,2,4
Waxahachie Lake/Reservoir,Waxahachie Lake/Reservoir,0,1,1
Sunshine Lake/Reservoir,Sunshine Lake/Reservoir,0,1,1
1103173,Haskell County Wsd 1,1,1,2
Navasota Lake/Reservoir,Navasota Lake/Reservoir,0,1,1
153300,City Of Cisco,1,4,5
928100,Westbrook Isd,2,1,3
167400,City Of Colorado City,1,2,3
572995,Mitchell County Utility,1,3,4
568506,Delta County Mud,1,1,2
370025,Harris County Mud 25 Brook Hollow West S,2,1,3
370061,Harris County Mud 61,4,3,7
929407,West Harris County Mud 7,2,1,3
929414,West Harris County Mud 15,2,1,3
358500,Gum Springs Wsc 1,2,1,3
421280,Interstate Mud,2,1,3
932015,Westlake Mud 1,3,2,5
874456,Trinity Rural Wsc 1,1,1,2
722624,Reid Road Mud 1,2,2,4
Kickapoo Lake/Reservoir,Kickapoo Lake/Reservoir,0,1,1
Kemp Lake/Reservoir,Kemp Lake/Reservoir,0,1,1
Arrowhead Lake/Reservoir,Arrowhead Lake/Reservoir,0,1,1
33660,City Of Archer City,1,1,2
369,Lk Georgetown,0,1,1
133620,Northwest Grayson County Wcid 1,1,2,3
484400,City Of Lancaster,1,7,8
950400,City Of Wilson,2,1,3
Windthorst Lake/Reservoir,Windthorst Lake/Reservoir,0,1,1
50,Franklin County Wd,0,1,1
Winters Lake/Reservoir,Winters Lake/Reservoir,0,1,1
725425,Richey Road Mud,2,2,4
72750,Bi County Wsc 1,1,5,6
969500,Zapata County Waterworks Swtp,1,1,2
Granger Lake/Reservoir,Granger Lake/Reservoir,0,1,1
576637,Montgomery County Ud 4,3,1,4
753700,City Of Runaway Bay,1,4,5
1106314,Lone Star Rwa,0,1,1
526800,City Of Magnolia,2,2,4
1102328,Harris County Mud 418,3,4,7
690431,Port Oconnor Improvement District,2,1,3
1102704,Try Cross County Water Supply Corporation,0,1,1
931905,West Jefferson County Mwd,1,5,6
951800,City Of Winfield,1,1,2
342234,Plum Creek,2,1,3
1102396,Cinco Southwest Mud 1,3,3,6
1102379,Hays County Wcid 1,2,1,3
1103458,Fort Bend County Mud 35,1,1,2
33760,City Of Arcola,1,2,3
1102451,Harris County Mud 433,3,2,5
1102384,Elliott Ranch Water System,1,1,2
478200,City Of Lacy Lakeview,1,1,2
1102580,Harris County Mud 374 Cypress Creek Lake,3,1,4
370368,Harris County Mud 371,2,2,4
576642,Montgomery County Mud 15,2,1,3
95260,Brazoria County Mud 25,1,2,3
1102795,Harris County Mud 500,2,2,4
155,Lake Lewisville,0,1,1
389550,Hill County Wsc,2,3,5
Lake Travis,Lake Travis,0,2,2
106400,City Of Buffalo,1,1,2
370106,Harris County Mud 106,2,1,3
611017,Northwest Harris County Mud 5,3,1,4
1103430,Epcor 130 Project,1,1,2
1103453,Emerald Bay Mud,2,1,3
285641,Fort Bend County Mud 134A,2,2,4
295234,Fort Bend County Mud 34,3,1,4
518003,Lubbock Power & Light-Ez Brandon Generation Station,1,1,2
458630,Kaufman County Mud 12,1,4,5
370421,Harris County Mud 421,1,2,3
792215,Sheldon Road Mud,1,3,4
322610,City Of George West,1,1,2
133500,City Of Carbon,1,1,2
1103915,Saws,0,1,1
285646,Fort Bend County Mud 146,2,1,3
1102090,Aransas Bay Utilities,1,2,3
285632,Brazoria County Mud 21,1,1,2
370153,Harris County Mud 153,3,1,4
240,Lake Conroe,0,1,1
1103957,West Travis County Public Utility Agency,0,3,3
874000,City Of Trinity,2,1,3
1106307,Brazoria County Mud 40,1,1,2
767400,San Diego Mud 1,1,1,2
611040,Northwest Harris County Mud 32,2,1,3
295274,Pecan Grove Mud,2,1,3
1105374,Fort Bend County Mud 134E,2,1,3
1105002,Harris County Mud 536,2,1,3
370412,Harris County Mud 412,3,1,4
1103811,East Montgomery County Mud 5,2,2,4
301200,Four Pines Wsc,1,1,2
1104648,Harris County Mud 171,1,2,3
Pine Shadows East,Pine Shadows East,0,2,2
418901,Lake Windcrest Water System,2,1,3
Arlington Lake/Reservoir,Arlington Lake/Reservoir,0,2,2
Eagle Mountain Lake/Reservoir,Eagle Mountain Lake/Reservoir,0,1,1
724200,City Of Richardson,1,14,15
1106308,Brazoria County Mud 56,1,1,2
Brownwood Lake/Reservoir,Brownwood Lake/Reservoir,0,1,1
Bonham Lake/Reservoir,Bonham Lake/Reservoir,0,1,1
1104559,Fort Bend County Mud 182,2,1,3
1103524,Willow Creek Farms Mud,2,1,3
331,Brazos River System,0,1,1
330,Run Of The River Fort Bend County,0,1,1
2010,Run Of River Brazoria County,0,1,1
Mustang Lake/Reservoir,Mustang Lake/Reservoir,0,1,1
Juliff Lake/Reservoir,Juliff Lake/Reservoir,0,1,1
944483,Brushy Creek Mud,3,2,5
1104652,Spring Preserve Water System,1,1,2
Highlands Lake/Reservoir,Highlands Lake/Reservoir,0,1,1
1104860,Edwards Water Llc,0,1,1
482850,Hill County System,0,1,1
Loma Lake/Reservoir,Loma Lake/Reservoir,0,1,1
702650,Pritchett Water Supply Corporation,2,2,4
954850,Woodland Acres Subdivision,1,1,2
1104071,Harris County Mud 449,3,1,4
370191,Harris County Mud 191,3,1,4
285634,Brazoria County Mud 31,1,2,3
1100597,Harris County Mud 400 - East,1,1,2
377275,Heatherloch Mud,3,2,5
153000,City Of Cibolo,2,1,3
72820,Big Oaks Mud,2,1,3
1102243,North Central Texas Mwa,0,1,1
1104119,Harris County Mud 495,2,2,4
1105500,Harris County Mud 542,1,1,2
1106126,Miralomas Mud,2,1,3
336200,City Of Grand Prairie,4,38,42
285639,Fort Bend County Mud 131,1,1,2
1101869,Montgomery Trace Water System,2,1,3
1106763,Harris-Waller Counties Mud,0,1,1
200395,Town Of Cut And Shoot,1,5,6
1106802,West Fork Utility Llc,0,2,2
1106706,Aurora Water Plant,1,1,2
6600,City Of Abernathy,1,1,2
9000,Town Of Addison,1,2,3
9950,Afton Grove Wsc,1,1,2
13000,City Of Allen,2,5,7
15450,Alto Rural Wsc Bradford Mt Plant,1,1,2
28500,Angelina Wsc,1,1,2
28800,City Of Angleton,2,1,3
32605,Aransas County Mud 1,1,1,2
33715,Archer County Mud 1,1,1,2
33742,Equistar Chemicals Lp-Channelview Facility,1,3,4
33950,Argyle Wsc,3,1,4
38200,City Of Athens,2,3,5
39000,City Of Atlanta,1,1,2
42205,Avalon Wsc,1,1,2
42295,City Of Avery,1,2,3
56000,City Of Barstow,1,1,2
57100,Cross Timbers Wsc,3,1,4
58400,City Of Bay City,1,2,3
70125,Benton City Wsc,1,1,2
72777,B H P Wsc,2,1,3
81600,Victoria County Wcid 1,1,1,2
84800,City Of Bogata,1,1,2
85700,Bolivar Wsc,1,1,2
85800,Bolivar Peninsula Sud,1,1,2
86400,City Of Bonham,1,1,2
87200,City Of Booker,2,1,3
98060,City Of Bridgeport,1,1,2
98400,Brookshire Mwd,1,2,3
100000,City Of Brownsboro,1,1,2
100415,Brownsville Navigation District,0,2,2
100600,City Of Brownwood,1,5,6
101600,Bruni Rural Wsc,1,1,2
103200,City Of Bryson,1,1,2
107700,Buena Vista Wsc,1,1,2
112000,City Of Burleson,1,1,2
127025,City Of Cactus,1,2,3
130695,Laguna Madre Water District,1,1,2
133750,Wickson Creek Sud Grimes County,2,1,3
135400,City Of Carrizo Springs,1,2,3
136200,City Of Carrollton,1,14,15
141000,City Of Cedar Hill,1,1,2
144030,Central Bosque Wsc,2,1,3
147700,Chatt Wsc,2,1,3
147850,Chelford City Mud,2,1,3
147860,Chelford One Mud,3,1,4
149200,Childress Creek Wsc,1,1,2
151450,China Spring Water,1,1,2
161800,City Of Clifton,3,1,4
168445,Colorado River Mwd Ward County Wells,1,1,2
172125,City Of Coolidge,1,1,2
177949,Garrett Community Water Company,1,1,2
179015,The Commons Water Supply,1,1,2
179200,Val Verde County Wcid Comstock,1,1,2
183910,Copeville Sud,2,1,3
184825,Cornerstones Mud,1,1,2
185800,City Of Corrigan,1,1,2
191400,City Of Crawford,1,1,2
193000,City Of Crockett,1,1,2
193400,Crosby Mud,2,1,3
194500,Cross Country Wsc,1,4,5
195600,City Of Crowley,1,2,3
196200,City Of Crystal City,1,1,2
196300,Crystal Clear Sud,4,1,5
197800,City Of Cuero,1,1,2
200568,Dow Chemical Hanger Facility,0,1,1
205200,City Of Daingerfield,1,2,3
217200,City Of Decatur,1,1,2
218000,City Of Deer Park,1,1,2
225200,City Of Desoto,1,3,4
227100,Dialville Oakland Wsc,1,1,2
237250,Dowdell Pud,2,1,3
242000,City Of Duncanville,1,3,4
247050,City Of Eagle Pass,1,2,3
248615,East Central Sud,3,3,6
249601,Eastern Cass Wsc,1,1,2
255400,Elderville Wsc,2,1,3
259060,Elmo Wsc,1,1,2
260200,El Oso Wsc,2,1,3
266200,City Of Elsa,1,1,2
270450,City Of Euless,2,1,3
276119,Montgomery County Mud 119 Spring Trails,3,1,4
280000,City Of Falls City,1,3,4
280800,City Of Farmers Branch,1,7,8
282700,Fashing Peggy Water System,1,1,2
282901,Fayette Wsc East,1,2,3
285600,City Of Ferris,2,2,4
286225,5Th Street Water System,1,1,2
287200,City Of Flatonia,1,1,2
288800,City Of Florence,2,1,3
289600,City Of Floresville,1,1,2
290400,City Of Floydada,2,1,3
295246,Fort Bend County Mud 46,2,1,3
295287,Fort Bend County Mud 116 Canyon Gate,2,2,4
295295,Fort Bend County Mud 124,2,1,3
295700,Fort Hancock Wcid,2,3,5
301100,439 Wsc,1,1,2
304800,City Of Freeport,2,9,11
306400,Friona Municipal Water System,1,1,2
309950,Fry Road Mud,2,1,3
312103,City Of Fulshear,1,3,4
312941,G & W Wsc,1,1,2
312943,G & W Wsc,1,2,3
314600,City Of Gainesville,2,7,9
315800,City Of Galena Park,2,5,7
317960,City Of Garden Ridge,2,1,3
318600,City Of Garland,1,25,26
326600,City Of Gilmer,1,2,3
330600,City Of Goldthwaite,3,1,4
331954,Gonzales County Wsc,2,4,6
331960,Warm Springs Rehab Hospital,1,2,3
337000,City Of Grand Saline,1,1,2
339400,City Of Grapeland,1,3,4
340200,City Of Grapevine,4,1,5
342360,Greenwood Water System,1,1,2
344150,City Of Groesbeck,1,1,2
345854,Gmnp Pine Springs,1,1,2
358610,Marilee Sud,2,3,5
366800,City Of Haltom City,1,3,4
367750,City Of Hamlin,1,1,2
368700,Hardin Wsc,1,1,2
368900,Harrold Wsc,1,1,2
369500,Harris County Fwsd 6,1,3,4
370001,Harris County Mud 1,3,1,4
370006,Harris County Mud 6 Carriage Lane,3,1,4
370013,Clear Brook City Mud,2,1,3
370033,Harris County Mud 33,2,3,5
370036,Harris County Mud 36,2,1,3
370043,Harris County Mud 43,3,1,4
370053,Harris County Mud 53,2,1,3
370070,Harris County Mud 70,3,1,4
370082,Harris County Mud 82,2,1,3
370105,Harris County Mud 105,3,1,4
370130,Harris County Mud 130,4,1,5
370136,Harris County Mud 136,3,1,4
370157,Harris County Mud 157,3,1,4
370167,Harris County Mud 167,5,1,6
370185,Harris County Mud 185,3,1,4
370189,Harris County Mud 189,2,1,3
370249,Harris County Mud 249,2,1,3
370255,Harris County Mud 255,1,1,2
370257,Harris County Mud 257,3,1,4
370264,Harris County Mud 264,3,1,4
370280,Harris County Mud 280,2,1,3
370284,Harris County Mud 284,1,2,3
370341,Harris County Mud 341,2,1,3
370468,Harris County Mud 468,3,1,4
371001,Harris County Wcid 1,2,2,4
371036,Harris County Wcid 36,2,1,3
371084,Harris County Wcid 84,4,1,5
371091,Harris County Wcid 91,3,2,5
371110,Harris County Wcid 110,2,1,3
371136,Harris County Wcid 136,2,1,3
372015,Harris County Ud 15,1,1,2
372023,Harris-Fort Bend Counties Mud 3,2,2,4
374800,City Of Haskell,1,1,2
375600,City Of Hawkins,1,1,2
377200,City Of Hearne,1,1,2
378244,Northwood Mud 1,2,2,4
383600,Hereford Municipal Water System,2,6,8
385200,City Of Hewitt,3,1,4
390000,City Of Hillsboro,1,2,3
392440,City Of Holliday,1,1,2
393200,City Of Hondo,1,1,2
395820,Austins Colony,3,1,4
398800,City Of Howe,2,1,3
399410,Hubert Watson Subdivision,1,1,2
410000,City Of Huntsville,2,5,7
410800,City Of Hurst,2,2,4
412400,City Of Hutchins,1,2,3
419103,Ineos Polyethylene North America La Port,0,2,2
419291,Industrial Utilities Service,0,1,1
419380,City Of Ingleside,1,2,3
421700,Inverness Forest Improvement District,2,1,3
425400,City Of Irving,3,13,16
425550,Isaacson Mud,2,1,3
426200,City Of Italy,2,1,3
432000,City Of Jacinto City,2,1,3
432200,Industrial Utilities Service,0,4,4
432850,Jackson Wsc,1,1,2
434400,City Of Jasper,1,1,2
436800,City Of Jefferson,1,1,2
440316,Jonah Water Sud,4,1,5
440800,City Of Jourdanton,1,1,2
460200,City Of Keller,1,1,2
461400,Galveston County Wcid 12,3,1,4
461800,City Of Kenedy,1,2,3
462600,City Of Kennedale,3,1,4
463400,City Of Kermit,1,1,2
480900,Lake Forest Utility District,1,2,3
481250,Lake Kiowa Sud,1,1,2
481300,Lakeline Acres Water,1,1,2
483650,City Of Lampasas,1,2,3
485250,Langham Creek Utility District,2,1,3
488975,Lee County Wsc,3,1,4
490400,Leggett Wsc,1,1,2
491800,Leon Junction Wsc,2,1,3
492400,City Of Levelland,2,2,4
494900,Liberty City Wsc,1,1,2
506800,City Of Lockhart,2,1,3
507600,Lometa Regional Water,1,1,2
508400,City Of Lone Oak,1,1,2
512080,Loop 360 Wsc,1,1,2
514000,City Of Lorenzo,1,1,2
520500,Lumberton Mud,1,1,2
524000,Madera Valley Wsc,2,1,3
526200,City Of Madisonville,1,1,2
533400,City Of Malakoff,2,2,4
537400,City Of Marion,2,2,4
537650,City Of Marlin,1,1,2
544620,Maxwell Sud,2,1,3
546300,Macbee Sud,1,1,2
548600,City Of Mckinney,1,6,7
553910,Meeker Mwd,1,1,2
554100,City Of Megargel,1,1,2
559800,City Of Meridian,2,1,3
565400,City Of Midland Water Purification Plant,3,2,5
571000,City Of Mineola,1,2,3
572200,City Of Mission,2,3,5
572250,Mission Bend Mud 1,3,1,4
572251,Mission Bend Mud 2,3,1,4
576088,Montgomery County Mud 88,1,1,2
576200,City Of Mont Belvieu,1,10,11
576644,Montgomery County Mud 19,1,2,3
576661,Montgomery County Mud 56,2,1,3
576694,Montgomery County Mud 94,2,1,3
578600,City Of Morgans Point,3,2,5
580210,Moscow Wsc 1,2,1,3
580600,City Of Moulton,1,5,6
582275,Mount Houston Road Mud,3,3,6
596500,Navarro Mills Wsc,2,1,3
596800,City Of Navasota,1,1,2
601000,City Of New Boston,1,1,2
603100,New Prospect Wsc Plant 1,1,1,2
604800,City Of Nixon,1,1,2
607435,North Austin Mud 1,1,1,2
607440,Wells Branch Mud 1,1,3,4
607455,North Belt Utility District,2,1,3
607470,North Cherokee Wsc,2,1,3
607508,Northcrest Addition,1,1,2
607530,North Forest Mud,3,1,4
607540,North Hardin Wsc,2,1,3
611011,Northwest Freeway Mud,2,1,3
611022,Northwest Harris County Mud 12,1,1,2
611515,Nottingham Country Mud,4,1,5
617700,Oak Hills Wsc,1,1,2
623610,City Of Olney,2,1,3
626800,City Of Orange,2,3,5
626900,Orange County Wcid 2,1,1,2
631600,City Of Overton,1,1,2
641670,Palo Pinto Wsc,1,1,2
652600,City Of Pearland,3,2,5
683450,City Of Pittsburg,2,2,4
684600,Plainview Municipal Water System,2,2,4
685910,Plantation Mud,3,1,4
687000,City Of Pleasanton,2,1,3
688600,City Of Point Comfort,1,1,2
688650,Point Enterprise Wsc,1,1,2
688857,City Of Point,1,1,2
688885,Pollok-Redtown Wsc,1,1,2
690200,Nueces County Wcid 4,2,1,3
690750,City Of Portland,1,2,3
691750,City Of Port Neches,1,6,7
692600,City Of Post,2,1,3
711200,City Of Quitaque,1,1,2
718570,Kendall West Utility,2,1,3
721173,Rra Northeast Childress,1,1,2
721182,Rra Preston Shores Water System,1,1,2
721189,Rra Medicine Mound Water System,1,2,3
722704,Remington Mud 1,3,1,4
723500,Ricardo Wsc,1,1,2
725800,City Of Richland Hills,2,1,3
728200,City Of Riesel,2,1,3
733503,Robertson County Wsc,1,3,4
733600,City Of Robinson,3,1,4
737550,Rock Hill Wsc,1,1,2
737600,Rock Island Wsc,1,1,2
740825,Rolling Fork Pud,2,2,4
741800,City Of Ropesville,1,1,2
745800,City Of Rotan,1,2,3
749000,City Of Rowlett,1,2,3
750700,City Of Royse City,1,3,4
759800,Sacul Wsc,1,1,2
761200,City Of Saginaw,1,6,7
766950,Sand Flat Wsc,1,1,2
771330,Santo Sud,1,1,2
778600,City Of Schulenburg,1,1,2
779400,City Of Seadrift,1,1,2
783200,Bois D Arc Mud,2,2,4
788200,City Of Seymour,1,1,2
789000,Shamrock Municipal Water System,1,1,2
790815,Sharyland Wsc,1,1,2
790830,Sharon Wsc,1,1,2
793800,City Of Shiner,1,2,3
795400,Hudspeth County Wcid 1,2,3,5
795800,Adobe Estates Mhp,1,4,5
796200,City Of Silsbee,1,1,2
798600,City Of Sinton,1,1,2
802100,East Texas Mud Of Smith County,1,1,2
805080,City Of Somerville,1,1,2
805800,City Of Sonora,1,1,2
806620,Southeast Wsc System 1,1,1,2
806622,Southeast Wsc System 3,2,1,3
806623,Southeast Wsc System 4,1,1,2
806826,Cypress Springs Sud South Plant,1,2,3
806828,Cypress Springs Sud N Plant 1 And Ne Pla,1,2,3
807310,Southern Utilities,2,5,7
808290,South Rains Sud,2,3,5
819850,City Of Splendora,1,1,2
820180,City Of Springtown,3,2,5
824200,City Of Stephenville,2,3,5
825800,City Of Stockdale,1,1,2
827152,Sturdivant Progress Wsc,1,1,2
829460,Sunbelt Fwsd High Meadows Subdivision,2,1,3
830155,Town Of Sunnyvale,1,2,3
841200,City Of Taft,1,1,2
844300,Combined Consumers Sud,1,1,2
848400,Texas A&M University Main Campus,1,1,2
849200,City Of Texas City,1,12,13
862000,Texline Municipal Water System,2,1,3
862125,Texland Great Plains Water Supply,1,5,6
865000,City Of Thorndale,1,5,6
870400,City Of Tomball,1,2,3
872795,Tri Sud,1,1,2
873001,Tri County Sud,2,3,5
873200,City Of Trinidad,1,1,2
875600,City Of Troup,1,1,2
876400,City Of Troy,2,1,3
884995,U & F Wsc,2,1,3
889525,Panther Junction Plt,1,1,2
896275,Valley Wsc,1,1,2
902400,City Of Victoria,2,7,9
903050,Quail Creek Mud,1,1,2
912000,City Of Waelder,1,2,3
916800,City Of Wallis,1,2,3
919200,City Of Waskom,1,1,2
922000,City Of Webster,2,1,3
922400,City Of Weimar,1,4,5
929303,West Harris County Mud 5,2,1,3
929410,West Harris County Mud 10,1,2,3
931832,West Hardin Wsc,1,4,5
931900,West Jacksonville Wsc,1,1,2
932010,Travis County Wcid 10,1,1,2
932195,West Memorial Mud,2,1,3
937660,West Wise Sud,2,1,3
938400,City Of Wharton,1,3,4
940000,White Deer Municipal Water System,1,1,2
941855,White Oak Bend Mud,2,2,4
941900,White Oak Valley Estates,1,1,2
941955,City Of White Oak,1,2,3
948800,City Of Willis,1,2,3
952200,Winkler Wsc,1,2,3
952800,City Of Winnsboro,1,1,2
954525,City Of Wood Branch Village,1,1,2
957320,City Of Woodway,2,1,3
957500,Wright City Wsc 1,1,2,3
958550,Yancey Wsc,1,1,2
967600,City Of Yoakum,1,2,3
1102089,Sonterra Mud,3,1,4
1102416,Greater Gardendale Wsc,1,2,3
1102798,Fort Bend County Mud 185,2,1,3
1102818,Denton County Fwsd 7 Lantana,1,1,2
1102831,Bitter Creek Wsc South,1,2,3
1102848,Cedar Creek Water System,1,2,3
1102858,Loving County Water System,1,1,2
1103427,The Consolidated Wsc Central System,1,1,2
1103473,Jacobs Wsc Plants 1 & 2,1,2,3
1103521,Tx Airstream Harbor Water,1,1,2
1103536,Parker County Sud Surface,2,1,3
1103537,Walker County Sud B Crabbs Prairie,1,1,2
1103809,Bella Vista,2,1,3
1104046,Fort Bend County Mud 134D,2,1,3
1104068,Montgomery County Mud 105,1,1,2
1104230,Harris County Mud 319,2,1,3
1104527,Patriot Rv Park Burnet,2,1,3
1104646,San Jacinto River Authority Highlands,2,2,4
1106306,Brazoria County Mud 53,2,1,3
5000,A & P Wsc Pump 1,1,0,1
5800,City Of Abbott,1,0,1
8000,City Of Ackerly,1,0,1
8868,Acton Water Royal Oaks,2,0,2
8960,Addicks Utility District,2,0,2
9600,Moortex Wsc,1,0,1
9800,Adrian Municipal Water System,1,0,1
9951,Afton Park Water System,1,0,1
10200,Agnes Subdivision,1,0,1
10600,City Of Agua Dulce,1,0,1
10848,Blue Skies Of Texas West,1,0,1
10850,Airline Crossing,1,0,1
10853,Air Park Estates,1,0,1
11000,City Of Alamo,2,0,2
11200,City Of Alamo Heights,1,0,1
11400,City Of Alba,1,0,1
11425,K & K Water Company,1,0,1
11427,Albury Manor Utility Company,1,0,1
11475,Aldine Forest,1,0,1
11477,Aldine Gardens Mobile Home Park,1,0,1
11670,Aledo Mobile Home Park,1,0,1
12900,Allendale Water System,1,0,1
13800,City Of Alpine,1,0,1
15400,City Of Alto,1,0,1
16000,City Of Alvarado,2,0,2
17200,City Of Alvord,1,0,1
20305,Amberwood Subdivision,1,0,1
22900,Mading Lane,1,0,1
23500,Ames Minglewood Wsc,1,0,1
24000,City Of Amherst,1,0,1
24800,City Of Anahuac,1,0,1
25600,Anderson Water System,2,0,2
26080,Anderson County Cedar Creek Wsc,1,0,1
28125,Anglecrest Subdivision,1,0,1
28410,Angelina County Fwsd 1,1,0,1
28790,Angle Acres Water System,1,0,1
29000,Angus Wsc,1,0,1
29600,City Of Anna,4,0,4
29650,City Of Annona,1,0,1
30000,Town Of Anthony,1,0,1
30400,City Of Anton,1,0,1
30900,Apacheland Mobile Home Subdivision,1,0,1
31200,Appleby Wsc,2,0,2
31400,Apple Springs Wsc,1,0,1
31460,Crystal Clear Whispering Ridge,1,0,1
31475,Aqua Vista Utilities,1,0,1
32000,Aquilla Wsc,1,0,1
33825,Arenosa Creek Estates,1,0,1
34900,Arlam Concord Wsc,2,0,2
34950,Arledge Ridge Wsc,1,0,1
35200,Armadillo Woods Subdivision,1,0,1
35770,Armstrong Wsc,2,0,2
35800,City Of Arp,1,0,1
35827,Arrowhead Hill Wsc,1,0,1
35830,Arrowhead Water System Hill,1,0,1
35860,Arroyo Doble Water System,1,0,1
36600,City Of Asherton,1,0,1
37470,Callender Lake,1,0,1
37472,Holiday Shores,1,0,1
37474,Ivanhoe Land Of Lakes,1,0,1
37476,Camelot Forest Water System,1,0,1
37477,Governors Point,1,0,1
37478,Holiday Villages Of Fork,1,0,1
37479,Holiday Villages Of Livingston,1,0,1
37905,Atascosa Rural Wsc,2,0,2
38601,Athens Water System Coop,1,0,1
40450,Atascocita Village Mobile Home Park,1,0,1
40600,City Of Aubrey,1,0,1
41105,Austin County Wsc 1,1,0,1
41106,Austin County Wsc 2,1,0,1
41107,Austin County Wsc 4,2,0,2
41108,Austin County Wsc 3,1,0,1
41400,City Of Austwell,1,0,1
41860,Aurora Vista,2,0,2
43000,City Of Avinger,1,0,1
44000,Axtell Wsc,1,0,1
44055,Blacks Ferry Water,1,0,1
44200,Azalea Estates Mobile Home Commun,1,0,1
49700,Bacliff Mud,2,0,2
49725,Baffin Bay Wsc,1,0,1
50000,City Of Bailey,1,0,1
50395,Baker Road Mud,1,0,1
50400,City Of Balch Springs,1,0,1
51000,Bammel Forest Utility,1,0,1
51200,City Of Bandera,1,0,1
51201,Pecan Grove,1,0,1
51300,Bandera County Fwsd 1,1,0,1
51350,Bandera River Ranch 1,1,0,1
51620,Enchanted River Estates,1,0,1
52400,Nueces County Wcid 5,1,0,1
52510,Bar D Ranchettes,1,0,1
52800,City Of Bardwell,1,0,1
52900,Barker Cypress Mud,2,0,2
53600,Barksdale Wsc,1,0,1
54000,Barnhart Wsc,1,0,1
55200,City Of Barry,1,0,1
56800,City Of Bartlett,1,0,1
57000,Bartley Woods Wsc,1,0,1
57070,Barten Wsc,1,0,1
57075,Barton Wsc,1,0,1
57076,Barton Creek Wsc,1,0,1
57077,Barton Creek West Wsc,1,0,1
57110,Bar V K Water Works,1,0,1
57600,City Of Bastrop,2,0,2
57680,Bastrop West Water Supply,1,0,1
57700,Bateman Water Works,1,0,1
57900,Batesville Wsc,1,0,1
58250,Holiday Beach Wsc,1,0,1
58260,Bavarian Hills,1,0,1
58290,Baybrook Mud 1,1,0,1
58300,Bayridge Subdivision Water System,1,0,1
58610,Baylor Wsc,3,0,3
58625,Briarcreek Subdivision,1,0,1
59430,Bayou Forest Village Mobile Home Park,1,0,1
59455,Bayou Shadows Water System,1,0,1
59800,Town Of Bayside,1,0,1
60130,Bayview Mud,1,0,1
60134,Emerald Forest,1,0,1
60138,Claire Street Water System,1,0,1
60146,Lakeview Estates,1,0,1
60148,Susan Circle Community Ws,1,0,1
60170,B B S Wsc,1,0,1
60180,B C Y Wsc,1,0,1
60183,Beachview Acres Water Association,1,0,1
60185,Beachwood Estates & North Trinidad,1,0,1
60190,Beacon Estates Wsc,1,0,1
60331,Bear Springs Trails Subdivision,1,0,1
60332,Bear Paw Water System,1,0,1
60333,Bear Creek Park,1,0,1
60335,City Of Beasley,1,0,1
60336,Beaton Lake Estates Water System,1,0,1
60345,Becker-Jiba Sud,1,0,1
60532,Brazos Lakes Water Supply,1,0,1
62400,City Of Beckville,1,0,1
62550,City Of Bedford,2,0,2
63240,Tynan Wsc,1,0,1
63245,Beechwood Subdivision,1,0,1
63247,Beechwood Wsc,1,0,1
63300,City Of Beeville,2,0,2
63510,Behringer Water System,1,0,1
64800,City Of Bellaire,2,0,2
65600,City Of Bellmead,1,0,1
65800,Bell Milam Falls Wsc,2,0,2
66400,City Of Bells,1,0,1
67200,City Of Bellville,1,0,1
68000,City Of Belton,2,0,2
68800,Duval County Crd Benavides,1,0,1
69505,Benbrook Hills,1,0,1
69590,Benbrook Village Mhp,2,0,2
69600,Benbrook Water Authority,3,0,3
69800,Ben Franklin Wsc,1,0,1
70000,City Of Benjamin,2,0,2
70060,San Bernard River Estates,1,0,1
70165,Bentwood Estates Mhp,1,0,1
70200,Ben Wheeler Wsc,1,0,1
70380,Briar Meadows,1,0,1
70400,City Of Bertram,1,0,1
70405,Bertram Woods Subdivision,1,0,1
70426,Berry Oaks Water Company,1,0,1
70450,City Of Berryville,1,0,1
70520,Benders Landing Water Plant 1 & 2,1,0,1
72100,Bethany Sud,3,0,3
72130,Bethel Ash Wsc Bethel Plant,1,0,1
72153,Shorewood Forest Water System,1,0,1
72170,Beulah Wsc,1,0,1
72180,City Of Bevil Oaks,1,0,1
72200,Bexar County Wcid 10 Windcrest,1,0,1
72500,Saws Castle Hills,1,0,1
72800,City Of Big Lake,1,0,1
72855,Big Oak Mhp,1,0,1
73600,City Of Big Sandy,1,0,1
74780,Country View Estates,1,0,1
75200,City Of Big Wells,1,0,1
75300,Big Wood Springs Water System,1,0,1
75655,Bilma Pud,2,0,2
75658,Binford Place Subdivision,1,0,1
75900,Birome Wsc,1,0,1
76000,City Of Bishop,2,0,2
77000,Blackjack Wsc,1,0,1
77100,Blackland Wsc,1,0,1
77200,Black Rock Wsc,2,0,2
77300,Blair Wsc,1,0,1
77600,City Of Blanco,1,0,1
77605,Granite Creek Wsc,1,0,1
78400,City Of Blanket,2,0,2
78900,Bledsoe Wsc,1,0,1
79210,Blessing Mobile Home Park,1,0,1
79215,Blocker Crossroads Wsc,2,0,2
79225,Block House Mud,1,0,1
80400,Bloomburg Wsc,1,0,1
80800,City Of Blooming Grove,1,0,1
81650,City Of Blossom,1,0,1
82000,Blue Bell Manor Subdivision,2,0,2
82004,Dogwood Tree Water System,1,0,1
82005,Dogwood Hills,1,0,1
82007,Turtle Creek,1,0,1
82010,Quailwood Water System,1,0,1
82018,Oakwood Acres,1,0,1
82068,Bluebonnet Hills Wsc,1,0,1
82125,Cape Tranquility System,1,0,1
82400,City Of Blue Ridge,1,0,1
82490,Blue Ridge Mobile Home Park,1,0,1
82500,Blue Ridge West Mud,2,0,2
82900,Blue Water Shores,1,0,1
83200,City Of Blum,1,0,1
83350,Tri County Point Water System 2,1,0,1
84008,Country Springs Water,1,0,1
85000,Bold Springs Wsc,1,0,1
85600,Boling Mwd,1,0,1
86650,Bon Wier Wsc,1,0,1
90400,Bovina Municipal Water System,1,0,1
92000,City Of Boyd,2,0,2
92100,Boyd Acres Water System,1,0,1
92350,Boynton Water,1,0,1
92550,Boys & Girls Country,1,0,1
92800,Cal Farleys Boys Ranch,1,0,1
94920,Brashear Wsc,1,0,1
95200,City Of Brazoria,1,0,1
95220,Brazoria County Sheriffs Office Detentio,1,0,1
95253,Brazoria County Mud 3,1,0,1
95256,Brazoria County Mud 6,1,0,1
95774,Brazos River Acres,1,0,1
95776,Brazos River Club,1,0,1
96800,City Of Bremond,1,0,1
97750,Brentwood Subdivision,1,0,1
97760,Village Of Briarcliff,1,0,1
97908,Briarwood Harbor,1,0,1
97950,Brice Lesley Wsc,1,0,1
98000,City Of Bridge City,2,0,2
98075,Bridlewood Estates Water System,1,0,1
98146,Fort Elliott Cisd Briscoe,1,0,1
98150,Brinker Wsc,2,0,2
98225,Brittany Hill Water Association,1,0,1
98250,City Of Broaddus,1,0,1
98350,Brookeland Fwsd,1,0,1
98398,Brookshires Camp Joy Water System,1,0,1
99155,City Of Browndell,1,0,1
101620,Brundage Water System,1,0,1
101950,Brushy Creek Wsc,1,0,1
101960,Brushy Creek Utility,1,0,1
104300,Buchanan Lake Village,1,0,1
104600,City Of Buckholts,1,0,1
106050,Buena Vista Ws Burnet,1,0,1
106410,City Of Buffalo Gap,2,0,2
106450,Buffalo Hills Water System,1,0,1
106900,City Of Bullard,1,0,1
106930,Bullocks Mobile Home Park,1,0,1
107200,Jasper County Wcid 1,1,0,1
108000,City Of Bunker Hill Village,2,0,2
109800,Burkeville Wsc,1,0,1
109925,Burns Redbank Wsc,1,0,1
113625,Austin Aqua System,1,0,1
115100,City Of Burton,1,0,1
115300,Bushland Wsc,1,0,1
115350,Butler Wsc,1,0,1
116000,City Of Bynum Blackland System,1,0,1
127051,Red Creek Mud,2,0,2
127131,Canyon Ridge Springs,1,0,1
127420,Caddo Lake Wsc,1,0,1
127500,City Of Caddo Mills,3,0,3
127570,Caddo Village,1,0,1
127575,Cade Lakes Wsc,1,0,1
127600,Cadillac Water,1,0,1
127675,Cahill Country Water System,1,0,1
128200,City Of Caldwell,1,0,1
128260,Gbra Calhoun County Rural Water System,1,0,1
129000,Seven Oaks Water Supply,1,0,1
129450,Mcmullen County Wcid 2,1,0,1
129600,City Of Callisburg,1,0,1
129800,City Of Calvert,1,0,1
130745,Camilla Coves,1,0,1
130750,Camilla Wsc,1,0,1
130900,Campbell Wsc,1,0,1
132200,Canadian Municipal Water System,1,0,1
132230,Candelaria Wsc,1,0,1
132275,Candlelight Hills Subdivision,2,0,2
132600,City Of Canton,2,0,2
133000,Canyon Municipal Water System,3,0,3
133090,Canyon Springs Water,1,0,1
133095,Canyon Dam Mobile Home Park,1,0,1
133098,Canyon Creek Addition,2,0,2
133122,Rocky Creek Estates,1,0,1
133133,Canyon Park Wsc,1,0,1
133135,Amberwood Water System,1,0,1
133330,Cape Royale Utility District,1,0,1
133338,Cape Malibu Wsc,1,0,1
133600,Cardinal Meadows Improvement District,1,0,1
133605,Cardinal Motor Home Park,1,0,1
133800,Tom Green County Fwsd 1 Carlsbad,1,0,1
134700,City Of Carmine,1,0,1
135249,Carol Norra Mhp,1,0,1
135252,Carolynn Estates,1,0,1
135300,Caro Wsc,1,0,1
135367,Carriage Trail Subdivision,1,0,1
135500,Carrizo Water Corp Forest Grove,1,0,1
138375,Cassie Water System,1,0,1
138380,Castlewood Mud,2,0,2
139400,Catarina Wsc,1,0,1
139430,Cattail Creek Mhp,1,0,1
139650,Canyon Springs Water Works,1,0,1
140435,Creek Water Utility,1,0,1
140440,Lakeside Water Supply 1,1,0,1
140850,Cedar Bayou Park,2,0,2
140866,Cedar Creek Water Supply,1,0,1
140930,Cedar Crest Colony Wsc,1,0,1
140940,Cedar Estates Subdivision,1,0,1
140975,Cedar Grove Mobile Home Park,1,0,1
141040,Cedar Oaks Mobile Home Community,1,0,1
141045,Cedar Point,1,0,1
141055,Cedar Ridge Deep Well Water System,2,0,2
141060,Cs Water,1,0,1
141100,Cedar Springs Mhp,1,0,1
141110,Cedar Valley Subdivision,1,0,1
141120,Cedron Creek Ranch Water Supply,1,0,1
141200,Cego Durango Wsc,1,0,1
142600,City Of Celeste,1,0,1
143400,City Of Celina,1,0,1
143565,Centerline Wsc,1,0,1
143605,Central Washington County Wsc,1,0,1
143790,Central Bowie County Wsc,1,0,1
144000,Central Wcid Of Angelina County,1,0,1
144045,Stonegate Water,1,0,1
145000,City Of Centerville,1,0,1
145050,Centerville Wsc,1,0,1
145875,Vista Utilities,1,0,1
146010,Chalk Hill Sud,1,0,1
146120,Chambers County Mud 1,1,0,1
146950,Chambers Meadow Estate Water,1,0,1
147000,City Of Chandler,1,0,1
147080,Channel Oaks Water System,1,0,1
147400,Channing Water Works,1,0,1
147420,Chaparral Water System Gillespie,1,0,1
147440,Chapmans Mhp,1,0,1
147450,Chappell Hill Wsc,1,0,1
147500,Charlie Wsc,2,0,2
147600,City Of Charlotte,1,0,1
147630,Charterwood Mud,2,0,2
147640,Bender Creek Apartments,1,0,1
148028,Cherokee Point Water Co,1,0,1
148043,Hillview Mhc,1,0,1
148044,Cherry Ridge Water,1,0,1
148047,Chesswood Water System,1,0,1
148050,Chester Wsc,1,0,1
148600,Coyote Ridge Addition,1,0,1
149800,City Of Chillicothe,3,0,3
150600,West Brazos Wsc,2,0,2
150610,City Of China,1,0,1
151400,C S Community Wsc,3,0,3
151620,Chinquapin Preparatory School,1,0,1
151900,Chisolm Trail Retreat,1,0,1
152000,Choice Wsc,1,0,1
152200,City Of Christine,1,0,1
152950,Church Hill Wsc,2,0,2
153190,Cielo Azul Ranch,1,0,1
153220,Cimarron Country,1,0,1
153275,Cimarron Park Water,1,0,1
153278,Cinco Mud 3,1,0,1
153279,Cinco Mud 2,1,0,1
153281,Cinco Mud 9,1,0,1
153282,Cinco Mud 10,1,0,1
153283,Cinco Mud 5,1,0,1
153284,Cinco Mud 6,1,0,1
153285,Cinco Mud 7,1,0,1
153286,Cinco Mud 8,1,0,1
153287,Cinco Mud 12,1,0,1
153289,Cinnamon Ridge,1,0,1
156200,City Of Clarendon,1,0,1
157000,City Of Clarksville,1,0,1
157050,City Of Clarksville City,1,0,1
157800,Claude Municipal Water System,1,0,1
158610,C H Wsc,1,0,1
158650,Clay Road Mud,3,0,3
158700,Clayton Wsc Plant 1,1,0,1
158800,Clay Wsc,1,0,1
158960,Clear Creek Resort Water System,1,0,1
159825,Clear Lakes,1,0,1
161000,City Of Cleveland,1,0,1
161855,Clovercreek Mud,2,0,2
162750,Lakecliff On Lake Travis,1,0,1
163450,Cnp Utility District,2,0,2
163460,City Of Coahoma,1,0,1
164000,Cedar Bayou Estates,1,0,1
164650,City Of Cockrell Hill,1,0,1
164652,Kipling Oaks And Timbergreen,1,0,1
164653,Estates Of Holly Lakes,1,0,1
164655,Village Of New Kentucky,1,0,1
164656,Towering Oaks And Rosewood Hills Subdivi,1,0,1
164658,Allenwood Subdivision,1,0,1
164660,Coe Country,1,0,1
164662,Coe Industrial Park,1,0,1
164664,2920 West Subdivision,1,0,1
164668,Timberwilde Mh Subdivision,1,0,1
164669,Treichel Woods Estates,1,0,1
164672,Red Oak Terrace,2,0,2
164704,Coke County Wsc,1,0,1
164800,Coldspring Terrace Water System,1,0,1
164900,Coleman County Sud,2,0,2
164950,Coleto Creek Mobile Home Park,1,0,1
165250,Coleto Water,1,0,1
165300,College Mound Sud,2,0,2
165510,City Of Colleyville,1,0,1
165800,City Of Collinsville,1,0,1
166700,City Of Colmesneil,1,0,1
166790,Colony M H Subdivision Ws,1,0,1
173800,City Of Columbus,2,0,2
174050,Comanche County Wsc Beattie,2,0,2
174055,Comanche County Wsc Sipe Springs,1,0,1
174100,Comanche Cove & Heritage Heights,2,0,2
174400,Comanche Harbor & Port Ocall,2,0,2
174470,Comanche Peak North,1,0,1
174700,Combine Wsc,1,0,1
177315,Concho Rural Water The Oaks,1,0,1
177400,Commodore Cove Improvement District,1,0,1
177882,Concho Rural Water Deer Valley Estates,1,0,1
177884,Southwood Estates,1,0,1
177926,Forest Manor Subdivision,1,0,1
177930,Pitcairn Wsc,2,0,2
177931,Sweetgum Forest,1,0,1
177932,Woodridge Estates Water System,1,0,1
177950,Northcrest Water System,1,0,1
177955,City Of East Tawakoni,1,0,1
177958,Retreat Water System,1,0,1
177960,Plott Acres,1,0,1
177970,Cox Addition Water System,1,0,1
177980,Town North Village Water System,1,0,1
178000,Community Water Co Montgomery Garden,1,0,1
178270,Ashcreek Addition,1,0,1
178280,Avondale Heights,1,0,1
178290,Eagles Nest,1,0,1
178312,Deer Butte Subdivision,1,0,1
178315,Forest Acres Gardens,1,0,1
178318,Rancho Brazos Subdivision,2,0,2
178320,Hideaway Bay Estates,2,0,2
178330,Killough Addition,1,0,1
178335,Lago Lindo Estates,1,0,1
178340,Live Oak Hills Addition,1,0,1
178355,Shangri La Subdivision,1,0,1
178380,Sundance Addition,2,0,2
178391,Granbury Acres Water System,2,0,2
178400,Tanglewood Estates,1,0,1
178410,Denton Creek Estates,1,0,1
178450,Montego Bay Estates,2,0,2
178459,Rocky Point Community,1,0,1
178461,Danieldale Community Water Service,1,0,1
178464,Red Oak Community Water Service,1,0,1
178600,City Of Como,1,0,1
178900,Sage Brush Estates,1,0,1
179010,Community Wsc,1,0,1
179300,Duval County Crd Concepcion,1,0,1
179320,Concho Rural Water Water Valley,1,0,1
179398,Cone Wsc,1,0,1
180000,City Of Miami,1,0,1
181310,Greengate Acres Subdivision,1,0,1
181312,Patton Village West Water System,1,0,1
181314,Highland Mobile Home Subdivision,1,0,1
181316,Highland Ridge Subdivision,1,0,1
181317,Huffman Heights Subdivision,1,0,1
181318,Joy Village,1,0,1
181319,Lakewood Colony,1,0,1
181321,Peach Creek Oaks Subdivision,1,0,1
181322,Pioneer Trails Subdivision,1,0,1
181326,Spring Forest Subdivision,1,0,1
181327,Springmont Subdivision,1,0,1
181328,Tall Cedars Mobile Home Subdivision,1,0,1
181329,Urban Acres Subdivision,1,0,1
181395,Porter Terrace,1,0,1
181401,Meadowlake Estates,1,0,1
183840,Cooney Cavern Lodge,1,0,1
183855,Cooley Point,2,0,2
183885,Copano Heights Water,1,0,1
183900,Copano Cove Subdivision,1,0,1
183907,Copano Ridge Subdivision,1,0,1
184200,City Of Coppell,1,0,1
184210,Chaparral Water System Hays,2,0,2
184400,Corbet Wsc,1,0,1
184405,Corbett Water System 1,1,0,1
184450,Cordi Marian Villa,1,0,1
184711,Gbra Cordillera Ranch,2,0,2
184795,City Of Corinth,1,0,1
184800,Corinth Wsc,1,0,1
184850,Cornersville Wsc,1,0,1
184905,Coronado Shores Water System,1,0,1
186850,Cotton Bayou Park,1,0,1
186900,Cotton Center Wsc,1,0,1
186905,City Of Cottonwood Shores,1,0,1
186908,Cottonwood Creek Mobile Home Park,1,0,1
186915,Cottonwood Creek Mud 1,1,0,1
186920,Cottonwood Park Water System,1,0,1
186950,Cottonwood Wsc,2,0,2
187000,City Of Cotulla,1,0,1
187155,Cougar Country Water System,1,0,1
187310,Council Creek Village,1,0,1
187350,Carefree Valley Resort,1,0,1
187423,Country Club Estates,1,0,1
187427,Country Club Wsc,1,0,1
187430,Country Creek Estates Water System,1,0,1
187450,Country Estates Mobile Home Park,1,0,1
188053,Country Side Estates,1,0,1
188055,Countryside Mobile Home Park,1,0,1
188070,Country Squire Water & Sewer,1,0,1
188072,Country Terrace Subdivision,2,0,2
188075,Country Wood Water System,1,0,1
188077,Country Wood Estates,2,0,2
188200,Covington Water Works,1,0,1
188775,Craft Turney Wsc Main,2,0,2
188790,C R C Wsc,1,0,1
190600,City Of Cranfills Gap,1,0,1
191800,Crescent Heights Wsc,1,0,1
191850,Creedmoor Maha Wsc,3,0,3
192000,Creekside Estates South,1,0,1
192100,Creekside Water System,1,0,1
192110,Creekwood Estates,1,0,1
192125,East Medina County Sud Unit 4,1,0,1
192200,City Of Cresson,1,0,1
192800,Crims Chapel Wsc,1,0,1
192850,Cripple Creek Wsc,1,0,1
193307,Countrywood Water System,1,0,1
193310,Crooked Creek Wsc,1,0,1
193800,City Of Crosbyton,1,0,1
194600,City Of Cross Plains,1,0,1
194900,Cross Roads Sud,1,0,1
194901,Cross Roads Sud Greenwood Ranch Me,1,0,1
195602,Bear Creek Estates,1,0,1
195604,Martin Creek Estates,1,0,1
195607,Bell Manor Subdivision,2,0,2
195608,Buffalo Creek,1,0,1
195610,John Dame,1,0,1
195612,Rock Creek Estates,1,0,1
195613,Sanders View Subdivision,2,0,2
195995,Circle R Ranchettes,1,0,1
196600,Crystal Farms Wsc,1,0,1
197055,Fremont Water,1,0,1
197060,Crystal Mountain Water Supply,1,0,1
197100,Meadow Glen Crystal Springs Water,1,0,1
197112,Autumn Acres Water System,1,0,1
197113,1485 Limited Crystal Springs Water Co,1,0,1
197114,The Oaks,1,0,1
197115,Whispering Pines,1,0,1
197117,Chaparral Place Water System,1,0,1
197119,Country West,1,0,1
197120,Live Oak Estates,1,0,1
197121,Deer Glen Water System,1,0,1
197122,Oak Creek Ii,1,0,1
197123,Tower Glen Estates,1,0,1
197124,Tower Woods,1,0,1
197125,Winchester Place,1,0,1
197126,Timberland Estates,1,0,1
197127,Crystal Springs Water Company Chasewood,1,0,1
197129,White Oak Hills,1,0,1
197900,Culleoka Wsc,1,0,1
198600,City Of Cumby,1,0,1
199050,Cuney Rural Water Supply,2,0,2
200100,Cottage Gardens,1,0,1
200200,City Of Cushing,1,0,1
200471,C Willow Water,1,0,1
200475,Cy Champ Pud,3,0,3
200480,Cypress Forest Water System,2,0,2
201100,Cypress Brook Estates,1,0,1
201225,Cypress Cove Wsc,1,0,1
201235,Cypress Creek Wsc,1,0,1
201250,Cypress Gardens Mobile Home Subdivision,1,0,1
201260,Cypress Hill Mud 1,1,0,1
201270,Cypress Hill Subdivision,1,0,1
201920,Cypress Lakes Water System,1,0,1
201925,Cypress Pass Estates,1,0,1
202000,Cypress Valley Wsc Plant 1,2,0,2
202050,Cvws Site 1,1,0,1
202090,Cypresswood Estates,1,0,1
205300,Dairyland Heights Water System,1,0,1
205600,City Of Daisetta,1,0,1
206000,Dalhart Municipal Water System,1,0,1
206750,Dallardsville Segno Wsc,1,0,1
214800,City Of Dalworthington Gardens,2,0,2
215150,Damascus Stryker Wsc,1,0,1
215200,Brazoria County Fwsd 1 Damon,1,0,1
215450,City Of Danbury,1,0,1
215600,Darrouzett Municipal Water System,1,0,1
216400,City Of Dayton,1,0,1
216410,Dayton Creek Water System,1,0,1
216415,City Of Dayton Lakes,1,0,1
216500,Dayton Oaks Estate,1,0,1
216800,Deadwood Wsc,1,0,1
216970,Deanville Wsc,2,0,2
217000,Dean Wsc,1,0,1
217100,Deberry Wsc,1,0,1
217265,Decker Hills,1,0,1
217300,Decatur Acres Water,1,0,1
217525,Deep River Plantation,1,0,1
217550,Deer Creek Water,2,0,2
217555,Town Of Annetta Deer Creek,1,0,1
218500,Deer Springs Water Company,1,0,1
218580,Deerwood Subdivision,1,0,1
218800,City Of Dekalb,1,0,1
219600,City Of De Leon,1,0,1
220400,City Of Dell,1,0,1
220820,Del Grande Mobile Home Park,1,0,1
222050,Denning Wsc,1,0,1
222803,Denton Estates Mobile Home Park,1,0,1
223650,City Of Deport,1,0,1
224800,Desert Wsc,1,0,1
225400,City Of Detroit,1,0,1
226000,City Of Devers,1,0,1
226600,City Of Devine,2,0,2
226800,Medina County Wcid 2,1,0,1
227000,Dial Wsc,2,0,2
227115,Diamond Head Wsc,1,0,1
227570,Diana Sud,2,0,2
228400,City Of Dickens,3,0,3
229200,City Of Dilley,1,0,1
230000,Lee County Fwsd 1,1,0,1
230800,Dimmitt Municipal Water System,1,0,1
230950,Dirgin Wsc,1,0,1
231428,Dobbin Plantersville Wsc 1,1,0,1
231430,Dobbin Plantersville Wsc 2,1,0,1
232000,Dodge Oakhurst Wsc 2,1,0,1
232400,City Of Dodson,2,0,2
232500,Dog Ridge Wsc,1,0,1
232550,Lakeshore Utility,1,0,1
232575,Dogwood Hills North,1,0,1
232805,Aldine Village Subdivision,1,0,1
232808,Domestic Water Company Royal Forest Subd,1,0,1
232810,City Of Domino,1,0,1
232845,Donie Water Works,1,0,1
232850,City Of Donna,2,0,2
233200,City Of Dorchester,3,0,3
234290,Double Rock Estates,1,0,1
234800,Doucette Water System,2,0,2
235600,Dougherty Water Works,1,0,1
236400,City Of Douglassville,1,0,1
236460,D & M Wsc,2,0,2
236480,Dove Hollow Water System,1,0,1
237355,Draper Estates Water System,1,0,1
237356,Apache Hills,1,0,1
237361,Smetana Forest,1,0,1
237364,Lakewood Estates,2,0,2
237367,Clara Hills Water System,1,0,1
237369,Whispering Woods,1,0,1
237373,Lake Louise Subdivision,1,0,1
237700,Dripping Springs Wsc,2,0,2
238000,City Of Driscoll,1,0,1
240600,Lindale Rural Wsc Dc,2,0,2
242060,Durham Park Wsc,1,0,1
243900,Nitsch & Son Utility,1,0,1
244220,The Cliffs,1,0,1
244280,Southern Oaks Water System,1,0,1
244410,Eagle Creek Ranch,1,0,1
244678,Eagles Bluff,1,0,1
247000,City Of Eagle Lake,1,0,1
247067,Eagles Peak Ranch Wsc,1,0,1
247400,City Of Early,1,0,1
247800,City Of Earth,1,0,1
248500,East Bell Wsc,3,0,3
248600,Wharton County Wcid 2,1,0,1
248601,East Cedar Creek Fwsd Brookshire,2,0,2
248607,Dixie Isle Water System,1,0,1
248609,East Cedar Creek Fwsd B A Mckay,2,0,2
248610,East Cedar Creek Water System,1,0,1
248616,East Central Sud Palm Park Water,1,0,1
248700,East Crawford Wsc,1,0,1
248750,East Fork Sud,1,0,1
248775,East Garrett Wsc,1,0,1
249000,East Lamar Wsc,1,0,1
249250,East Marion County Water Supply Co,1,0,1
249300,East Medina County Sud Unit 1,1,0,1
249426,East Montgomery County Mud 3,1,0,1
249445,City Of East Mountain,1,0,1
249500,East Newton Wsc,2,0,2
249525,East Plantation Utility District,1,0,1
249615,East Ponder Estates,1,0,1
250700,Texas A&M University Commerce,2,0,2
250818,Eastwood Hills Subdivision,1,0,1
250820,Eastwood Village,1,0,1
250848,Ector County Utility District,1,0,1
250850,Ebeling Wsc,1,0,1
250900,Ebenezer Wsc,1,0,1
251000,City Of Ector,2,0,2
251500,City Of Edcouch,2,0,2
252602,City Of Bruceville Eddy,3,0,3
253805,Birch Creek Recreation Wsc,1,0,1
253900,Town Of Edgecliff Village,1,0,1
253920,City Of Edgewood,1,0,1
254030,Ed Lou Mobile Home Park,1,0,1
254100,City Of Edmonson,1,0,1
254200,City Of Edna,1,0,1
254300,Edom Wsc,1,0,1
254310,Tex Rides Subdivision,1,0,1
254505,El Camino Bay Water System,1,0,1
255070,El Chaparral Mobile Home Park,1,0,1
255800,City Of Eldorado,1,0,1
255910,El Dorado Utility District,1,0,1
255912,El Sauz Wsc,1,0,1
255920,Eldorado Water,1,0,1
257825,El Jardin Wsc,1,0,1
258200,City Of Elkhart,1,0,1
258661,Fort Bend County Mud 152,1,0,1
258669,Fort Bend County Mud 165,1,0,1
259000,Ellinger Sewer And Wsc,1,0,1
259050,Elm Creek Wsc,2,0,2
259500,City Of Elmendorf,2,0,2
259800,Mclennan County Wcid 2,1,0,1
259850,Marilee Elmont,2,0,2
259900,Elm Ridge Water,1,0,1
260060,Serenity Water,1,0,1
260330,Lower Valley Water District,1,0,1
260500,El Paso County Wcid 4 Fabens,1,0,1
266045,El Pinon Estates Water System,1,0,1
266196,El Tanque Wsc,1,0,1
266300,Elysian Fields Wsc,1,0,1
266375,Emerald Forest Utility District,2,0,2
266400,Emerald Woods,1,0,1
266600,Emhouse Water System,1,0,1
267150,Enchanted Cove Water System,1,0,1
267275,Enchanted Forest,1,0,1
267310,Enchanted Lakes Water System,1,0,1
267335,Enchanted Oaks Wsc,1,0,1
267352,Americasa At Cypress Meadows,1,0,1
267353,Enchanted Harbor,1,0,1
267355,Enchanted Valley Estates Wsc,2,0,2
267810,Encinal Wsc,1,0,1
268503,English Acres,1,0,1
268700,Era Wsc,1,0,1
268790,Ericksdahl Wsc,1,0,1
268830,Erlund Subdivision,1,0,1
268965,Escondido Creek Water System,1,0,1
268980,Esperanza Water Service,1,0,1
269310,City Of Hays,1,0,1
269350,Estates Water Corp,1,0,1
270420,Etoile Wsc,1,0,1
270430,Eula Wsc,2,0,2
270600,City Of Eustace,1,0,1
270755,Evadale Wcid 1,2,0,2
271000,City Of Evant,1,0,1
271204,Evergreen Park Hickory Hills Water Syste,1,0,1
271800,City Of Everman,2,0,2
277550,Fairview Acres Mobile Home Subdivision,1,0,1
277551,Glenwood Mobile Home Subdivision,1,0,1
277600,City Of Fairfield,1,0,1
277610,Fairfield Estates,1,0,1
277700,Fairplay Wsc,1,0,1
277800,Town Of Fairview,1,0,1
277900,Fairway Mobile Home Village,1,0,1
278670,Falcon Crest Addition,2,0,2
278700,Falcon Rural Wsc,3,0,3
278715,Ibwc Falcon Village,1,0,1
279200,Falfurrias Utility Board,1,0,1
279201,Falfurrias Utility Board Encino,1,0,1
280500,Far Hills Utility District,1,0,1
281600,Farnsworth Wsc,1,0,1
282400,City Of Farwell,1,0,1
282600,Farrar Wsc,1,0,1
282810,City Of Fate,1,0,1
283000,Fayette County Wcid Monument Hill,2,0,2
283200,City Of Fayetteville,1,0,1
284860,Fern Bluff Mud,1,0,1
285633,Brazoria County Mud 29,2,0,2
285638,Fort Bend County Mud 129,2,0,2
285642,Fort Bend County Mud 142,2,0,2
285657,Fort Bend County Mud 128,1,0,1
285662,Fort Bend County Mud 155,1,0,1
285663,Fort Bend County Mud 158,1,0,1
286509,First Colony Mud 9,3,0,3
286952,Goodall Water System,1,0,1
286954,Tubbs Water System,1,0,1
286980,Five Oaks Mobile Home Subdivision,1,0,1
287100,Five Way Wsc,1,0,1
287135,Flag Creek Ranch,1,0,1
287170,Flamingo Lakes Lot Owners Association In,1,0,1
287250,Flat Creek Cove Property Owners Associat,1,0,1
287300,Flat Fork Wsc,2,0,2
287350,Flat Rock Estates,1,0,1
287400,Flat Wsc,1,0,1
288250,Flo Community Wsc,2,0,2
288400,Flomot Water Association,1,0,1
290375,Friendship Water System,1,0,1
290380,Rosewood Water System,1,0,1
291250,Flying L Ranch Pud,1,0,1
292000,Follett Municipal Water System,1,0,1
293137,White Rock Wsc 1 Forest Glade,1,0,1
293140,Lake Forest Falls Subdivision,1,0,1
293142,Forest Hill Two Wsc,1,0,1
293150,City Of Forest Hill,1,0,1
293215,Forest Lake Subdivision,2,0,2
293400,Forest Park East,1,0,1
293540,Forest Springs Water System,1,0,1
293550,Forest Wsc,1,0,1
293750,Forney Lake Wsc,1,0,1
295024,Fort Bend County Mud 24,1,0,1
295145,Fort Bend County Mud 145 Rio Vista,1,0,1
295200,City Of Forsan,1,0,1
295202,Lakeshore Water System 2,1,0,1
295210,Fort Bend County Fwsd 2,2,0,2
295230,Fort Bend County Mud 30,2,0,2
295235,Fort Bend County Mud 19,1,0,1
295241,Fort Bend County Mud 41,3,0,3
295242,Fort Bend County Mud 42 Wat Plat,2,0,2
295245,Fort Bend County Mud 47,1,0,1
295248,Fort Bend County Mud 48,1,0,1
295249,Fort Bend County Mud 49,1,0,1
295251,Fort Bend County Mud 50,3,0,3
295258,Fort Bend County Mud 58,4,0,4
295262,Fort Bend County Mud 162,1,0,1
295266,Fort Bend County Mud 66,1,0,1
295280,Fort Bend County Mud 2,3,0,3
295281,Fort Bend County Mud 81 Weston Lakes,1,0,1
295290,Fort Clark Springs Mud,1,0,1
295296,Fort Bend County Mud 130,1,0,1
295298,Fort Bend County Mud 118,3,0,3
295303,Fort Bend County Wcid 3,2,0,2
295350,Fort Davis Wsc,1,0,1
295450,Fort Gates Wsc,1,0,1
295637,Fort Bend County Mud 123,1,0,1
295710,Fort Inge Mobile Home Park,1,0,1
300810,Fouke Wsc,1,0,1
300950,Fountainhead Mud,4,0,4
300960,Fountain Lake Owners Wsc,1,0,1
301000,Fountainview Subdivision,1,0,1
301095,410 Wsc,1,0,1
301250,Four Seasons Mhp,1,0,1
301300,Four Way Sud,2,0,2
301630,Fowlerton Wsc,1,0,1
301680,Foxbane Combined Ws,1,0,1
303100,Frankston Rural Wsc,1,0,1
303200,City Of Frankston Downtown Plant,1,0,1
304000,City Of Fredericksburg,1,0,1
304040,Woodgate Mobile Home Village,1,0,1
305600,Freer Wcid,1,0,1
306025,Frf Water Systems 1 3 4 5 6 7 8,1,0,1
306075,Friberg-Cooper Wsc,1,0,1
306078,La Casita Homes Ii,1,0,1
306100,City Of Friendswood,3,0,3
306200,Friendly Oaks Wsc,1,0,1
306350,Twin Forks Estates Wsc,1,0,1
308000,Fritch Municipal Water Supply,1,0,1
308400,Frognot Sud,1,0,1
309600,City Of Frost,1,0,1
309610,Frost Mobile Home Park,1,0,1
309700,P & B Water System,1,0,1
309800,Fruitvale Wsc,1,0,1
312940,Tower Terrace,1,0,1
313520,Gafford Chapel Wsc,3,0,3
313550,Borden County Water System,1,0,1
315910,Amon G Carter Lake Wsc,1,0,1
316000,Gallatin Wsc,2,0,2
316300,Galveston County Fwsd 6 Tiki Island,1,0,1
316450,Galveston County Wcid 19,1,0,1
317000,City Of Ganado,2,0,2
317925,Garden Acres Subdivision,1,0,1
317955,Garden Oaks,1,0,1
318020,Garden Valley Resort,1,0,1
318022,Gardendale Wsc,1,0,1
318025,Nighthawk Wsc,1,0,1
318200,Garfield Wsc,1,0,1
318800,Gary Wsc,1,0,1
319211,Callahan County Wsc,3,0,3
319400,City Of Garrison,1,0,1
319800,Colorado County Wcid 2,1,0,1
319900,Gaslight Square Mobile Home Park,1,0,1
319950,Gastonia Scurry Sud,1,0,1
320000,Gaston Wsc,1,0,1
320010,Gateway Estates Iii,1,0,1
320450,Gause Wsc,1,0,1
320950,Squaw Golf Course,2,0,2
322505,The Falls Wsc,1,0,1
322647,Saws Geronimo Forest Water System,1,0,1
323000,Gholson Wsc,1,0,1
324220,Tex Villa Apartments,1,0,1
325490,Delynn Water System,1,0,1
327250,City Of Gladewater,1,0,1
328020,Stallion Lake Ranch,1,0,1
328250,Glendale Wsc,2,0,2
328575,City Of Glenn Heights,1,0,1
328577,M & H Water Supply,1,0,1
329310,Glenshores Water,1,0,1
329450,Glenwood Wsc,1,0,1
329451,Sjwtx Glenwood Subdivision,1,0,1
329625,Glidden Fwsd 1,1,0,1
329680,G M Wsc,4,0,4
329800,City Of Godley,2,0,2
330000,Gober Mud,1,0,1
330200,Goforth Sud,3,0,3
330270,Golden Acres Water Co,1,0,1
330500,Golden Wsc,1,0,1
330520,Goldenwood West Wsc,1,0,1
330800,City Of Goldsmith,1,0,1
331400,City Of Goliad,2,0,2
332000,City Of Goodlow,1,0,1
332200,City Of Goodrich,1,0,1
332300,Goodsprings Wsc,1,0,1
333000,City Of Goree Water System,1,0,1
333800,City Of Gorman,1,0,1
334335,City Of Graford,1,0,1
334375,Graham East Wsc,1,0,1
334395,Granda Vista,1,0,1
334610,Country Meadows Subdivision,1,0,1
334950,Grande Casa,2,0,2
335100,Grand Mission Mud 2,1,0,1
335400,City Of Grandfalls,2,0,2
337800,City Of Grandview,1,0,1
338600,City Of Granger,1,0,1
338700,City Of Granite Shoals Sherwood Iii,1,0,1
338702,City Of Granite Shoals,1,0,1
338775,Grant Road Estates Mobile Home Sub,1,0,1
338798,Grant Road Pud,3,0,3
339000,Grantwoods Water Supply Corporation,1,0,1
339300,Concho Rural Water Grape Creek,2,0,2
341300,Grassland Wsc,1,0,1
341302,Grassy Creek Mobile Home Park,1,0,1
341325,Grey Forest Water System,1,0,1
341924,Green Acres Mhc,1,0,1
341925,Green Acres Mobile Home Park,1,0,1
341931,Green Acres Water System,1,0,1
341975,Green Creek Wsc,1,0,1
342220,Green Hills Subdivision,1,0,1
342222,Green Meadows Wsc,1,0,1
342270,Green Springs Wsc,1,0,1
342280,D Bar B Mobile Home Ranch,1,0,1
342335,Greenvilla Mobile Home Park,1,0,1
342395,City Of Gregory,1,0,1
342522,Picosa Wsc,1,0,1
344200,Groom Municipal Water System,1,0,1
344800,City Of Groves,1,0,1
345000,City Of Groveton,2,0,2
345200,The Grove Wsc,1,0,1
345650,Gruene River Development,1,0,1
345800,Gruver Municipal Water System,1,0,1
345850,Guadalupe Heights Utility,1,0,1
345868,Zam Zam Water Supply,1,0,1
358490,Gum Creek Wsc,1,0,1
358583,Gun & Rod Estates,1,0,1
358600,City Of Gunter,3,0,3
359200,Gusville Mobile Home Park,1,0,1
360010,Garden Acres Subdivision Water System,1,0,1
360030,Southern Acres Water System,1,0,1
362000,H & H Wsc,1,0,1
362020,H A B Wsc,1,0,1
362087,Wilshire Subdivision,1,0,1
362089,Oakwood Village Mobile Home Subdivision,1,0,1
362090,Rolling Oaks,1,0,1
362091,North Belt Forest,1,0,1
362092,Marks Glen Subdivision,1,0,1
362094,Kitzwood Subdivision,1,0,1
362096,Deer Trail Mobile Home Park,1,0,1
362098,Cypress Fields Subdivision,1,0,1
362099,West Magnolia Forest,1,0,1
362100,Berry Hill Estates,1,0,1
362102,Decker Woods Subdivision,1,0,1
362105,Crickett Hill Estates,1,0,1
362107,Shadow Bay Subdivision,1,0,1
362108,Clear Creek Forest Section 12,1,0,1
362110,Tasfield,1,0,1
363095,Haciendas Del Norte Water Improvement Di,1,0,1
363097,Hackberry Creek Subdivision,1,0,1
364400,City Of Hale Center,1,0,1
364500,Halfway Wsc,1,0,1
365200,City Of Hallettsville,1,0,1
366000,City Of Hallsville,1,0,1
366905,Hamby Wsc,1,0,1
367702,Bonanza Beach,1,0,1
368463,Hanby Acres,1,0,1
368600,Happy Municipal Water System,1,0,1
368612,Spring Branch Indian Hills Estates Wsc,1,0,1
368645,Harbor Grove Wsc,1,0,1
368655,Harbor Point,1,0,1
368750,Hardin County Wcid 1,2,0,2
368770,City Of Harker Heights,1,0,1
368780,Harleton Wsc,2,0,2
368860,Harper Road Estates,1,0,1
369200,Harris County Fwsd 1A,1,0,1
369300,Harris County Fwsd 1B,1,0,1
369900,Harris County Fwsd 27,1,0,1
369910,Harris County Fwsd 45,1,0,1
369930,Harris County Fwsd 47,2,0,2
369957,Champions Mud,3,0,3
369965,Harris County Fwsd 58,1,0,1
370005,Harris County Mud 5,2,0,2
370008,Harris County Mud 8,1,0,1
370016,Harris County Mud 16,4,0,4
370018,Harris County Mud 18 Heatherwood Hunters,3,0,3
370024,Harris County Mud 24,2,0,2
370026,Harris County Mud 26,3,0,3
370046,Harris County Mud 46,2,0,2
370048,Harris County Mud 48,1,0,1
370049,Harris County Mud 49,2,0,2
370050,Harris County Mud 50,1,0,1
370055,Harris County Mud 55 Heritage Park,2,0,2
370058,Harris County Mud 58,3,0,3
370069,Harris County Mud 69,2,0,2
370086,Harris County Mud 86,3,0,3
370096,Harris County Mud 96,1,0,1
370104,Harris County Mud 104,2,0,2
370122,Harris County Mud 122,1,0,1
370148,Harris County Mud 148 Kingslake,2,0,2
370150,Harris County Mud 150,2,0,2
370151,Harris County Mud 151,3,0,3
370156,Harris County Wcid 156,1,0,1
370158,Harris County Mud 158,1,0,1
370165,Harris County Mud 165,4,0,4
370166,Harris County Mud 166,1,0,1
370173,Harris County Mud 173,4,0,4
370205,Harris County Mud 205,1,0,1
370211,Harris County Mud 211,1,0,1
370215,Harris County Mud 215,2,0,2
370220,Harris County Mud 220,2,0,2
370222,Harris County Mud 222,3,0,3
370238,Harris County Mud 238,3,0,3
370248,Harris County Mud 248,1,0,1
370250,Harris County Mud 250,3,0,3
370261,Harris County Mud 261,2,0,2
370278,Harris County Mud 278,2,0,2
370285,Harris County Mud 285,1,0,1
370287,Harris County Mud 287,1,0,1
370316,Harris County Mud 316,1,0,1
370321,Harris County Mud 321,2,0,2
370322,Harris County Mud 322,1,0,1
370342,Harris County Mud 342,1,0,1
370354,Harris County Mud 354,1,0,1
370364,Harris County Mud 364,2,0,2
370367,Harris County Mud 367,1,0,1
370369,Harris County Mud 361,1,0,1
370370,Harris County Mud 372,1,0,1
370371,Harris County Mud 370,3,0,3
370373,Harris County Mud 389,2,0,2
370374,Harris County Mud 391,1,0,1
370386,Harris Montgomery Counties Mud 386,1,0,1
370395,Mims Wsc,1,0,1
370399,Harris County Mud 399,1,0,1
370402,Generation Park Management District,1,0,1
370420,Harris County Mud 420,1,0,1
370434,Harris County Mud 434,1,0,1
371021,Harris County Wcid 21,2,0,2
371050,Harris County Wcid 50 El Lago,2,0,2
371070,Harris County Wcid 70,2,0,2
371074,Harris County Wcid 74,1,0,1
371089,Harris County Wcid 89,3,0,3
371096,Harris County Wcid 96,2,0,2
371099,Harris County Wcid 99,1,0,1
371113,Harris County Wcid 113 Enchanted Village,1,0,1
371114,Harris County Wcid 114,2,0,2
371132,Harris County Wcid 132,2,0,2
371133,Harris County Wcid 133,2,0,2
372016,Harris County Ud 16,1,0,1
372020,Harris Fort Bend Counties Mud 1,2,0,2
372349,Harrisburg Wsc,1,0,1
372350,Center Point,1,0,1
372400,Hart Municipal Water System,1,0,1
373200,Hartley Wsc,2,0,2
374412,Oak Ridge Estates,1,0,1
374414,Rockwall East Mini Ranch,1,0,1
374801,Oak Village North,1,0,1
374803,Oak North Mobile Homes Estates,1,0,1
374807,Cascade Mobile Home Park,1,0,1
374808,Coolcrest Water System,1,0,1
374820,Stagecoach Hills,1,0,1
374900,City Of Haslet,1,0,1
374920,Hastings Homeowners Water System,1,0,1
375800,Hawley Wsc,2,0,2
376450,Hazy Hills Wsc,1,0,1
376500,Hazy Hollow East Estates,1,0,1
377274,City Of Heath,1,0,1
378000,Jim Hogg County Wcid 2,1,0,1
378800,Hedley Municipal Water System,1,0,1
378850,Bell County Wcid 5,2,0,2
379200,Heights Water,1,0,1
379600,City Of Hempstead,2,0,2
382850,City Of Henrietta,1,0,1
384175,Heritage Oaks Subdivision,1,0,1
384400,Hermleigh Water System,1,0,1
384425,Heritage Park Water System,1,0,1
385400,Hickory Creek Sud,1,0,1
385410,Hickory Hill Water,1,0,1
385415,Hickory Hollow Water System,1,0,1
386800,City Of Hico,1,0,1
387600,City Of Hidalgo,3,0,3
387810,Hidden Valley Water System,1,0,1
387820,Southern Water,1,0,1
387830,Hideaway Mobile Home Park,1,0,1
388400,Higgins Municipal Water System,1,0,1
388600,High Sierra Water System,1,0,1
389210,High Gabriel Wsc,2,0,2
389221,High Point Water Co,1,0,1
389239,Highland Meadows Water System,1,0,1
389241,Town Of Highland Park,1,0,1
389242,Echo Valley Wsc,1,0,1
389243,Highland Park Wsc,2,0,2
389244,City Of Hudson Oaks Dyegard,1,0,1
389245,City Of Highland Haven Water System,1,0,1
389246,Highland Wsc,1,0,1
389254,Mesa Grande Wsc,1,0,1
389256,M&L Wsc,1,0,1
389261,Willow Wood Addition Meadow Vista,1,0,1
389277,City Of Highland Village,2,0,2
389283,High Point Water Supply Corporation,2,0,2
389285,Highsaw,1,0,1
389295,Highway 90 Ranch Wsc,1,0,1
389297,Highway 117 Wsc,1,0,1
389307,Hill Country Mobile Home Park,1,0,1
389312,Real Oaks Subdivision,1,0,1
389315,Hill Country Northwest Cherry Hollow,1,0,1
389316,Four Seasons,1,0,1
389318,Hill Country Ranch Estates,1,0,1
389320,Sleepy Hollow,1,0,1
389323,Northwest Hills Subdivision,1,0,1
389324,Lakewood Water,1,0,1
389325,Oak Forest South Water Supply,1,0,1
389326,Nickerson Farm Water System,1,0,1
389328,Comanche Cliffs,1,0,1
389329,Pecan Valley,1,0,1
389335,Elmwood Estates,1,0,1
389340,Walnut Hills,1,0,1
389341,Real Wsc,1,0,1
389562,Crowley 1 Acre Sky Corp Water,1,0,1
389570,City Of Hillcrest Village,2,0,2
389585,Hillgreen Subdivision Water Co,1,0,1
389590,Blue Mound,2,0,2
389800,Hill River Country Estates,1,0,1
390350,Hills & Dales,1,0,1
390440,Hilltop Estates Wsc,1,0,1
390450,Hilltop Lakes Wsc,2,0,2
390460,Hilltop Mobile Home Park,1,0,1
390500,Hilltop Wsc,1,0,1
390600,Hilltown Addition,3,0,3
390700,City Of Hilshire Village,1,0,1
391200,City Of Hitchcock,2,0,2
391675,H O E Wsc,1,0,1
391900,Hog Creek Wsc,1,0,1
392100,Holiday Harbor,1,0,1
392200,Holiday Lake Estates,1,0,1
392225,Holiday Oaks Subdivision,1,0,1
392320,Holiday Springs Mobile Home Park,2,0,2
392400,City Of Holland,1,0,1
392430,Hollands Quarter Wsc,2,0,2
392478,Holly Huff Wsc,1,0,1
392480,Holly Lake Ranch,1,0,1
392482,Holly Springs Wsc East Meter,1,0,1
392553,Breakaway Trails Subdivision,1,0,1
392570,Holmwood Angelina & Neches River Authori,1,0,1
392750,Metroplex Homesteads Water Supply,2,0,2
393000,Homestead Oaks Mobile Home Comm,1,0,1
394900,Whippoorwill Bay Subdivision,1,0,1
394901,Lake Country Acres,1,0,1
394902,Mountain View Subdivision,1,0,1
394903,Sandy Beach Subdivision,1,0,1
394905,North Fork Creek Ii,1,0,1
394908,Sunchase Meadows,1,0,1
395000,River Run Subdivision,1,0,1
395340,Hooks Mobile Home Park,1,0,1
395850,Horseshoe Bend Water System,1,0,1
395851,Horseshoe Bend Estates,1,0,1
395854,Southwest Environmental Resources,1,0,1
395973,Horseshoe Oaks Subdivision Water System,1,0,1
396601,House Corral Street Water System,1,0,1
398700,Howard Water Coop,1,0,1
399000,City Of Hubbard,2,0,2
399250,Huber Wsc,1,0,1
399405,Huber Garden Estates,1,0,1
399432,City Of Hudson Oaks,2,0,2
399450,Hudson Wsc,1,0,1
401500,Hulon Lakes Subdivision,1,0,1
408400,Hungerford Mud 1,1,0,1
408552,Community Water Group Wsc,1,0,1
408553,Hunters Cove Sec 1,1,0,1
408560,Hunterwood Subdivision Water System,1,0,1
409154,Hunters Cove Sub South,1,0,1
409155,Caney Creek Utility,1,0,1
409200,City Of Huntington,2,0,2
409250,Huntington Estates,1,0,1
410780,Lake Fork Wsc,1,0,1
413300,City Of Huxley,1,0,1
418200,City Of Idalou,1,0,1
418902,Live Oak Landing Subdivision,1,0,1
419280,Indian Hills Harbor,1,0,1
419282,Town Of Indian Lake,1,0,1
419284,Indian Springs Subdivision,1,0,1
419352,Ingram Oaks Retirement Community,1,0,1
419370,Ingram Water Supply,1,0,1
419382,City Of Ingleside On The Bay,1,0,1
421725,Inverness Point Water System,1,0,1
423000,City Of Iraan,1,0,1
423500,Ira Wsc,1,0,1
423800,City Of Iredell,1,0,1
424700,Rusk Rural Wsc Iron Hill,1,0,1
426510,Lone Star Public Water System,1,0,1
427000,City Of Itasca,2,0,2
432810,City Of Jacksboro,1,0,1
432845,Paxton Wsc Jackson Plant,1,0,1
433000,Jacobs Wsc Plant 3 & 4,1,0,1
433150,City Of Jamaica Beach,1,0,1
433300,Jamestown Wsc,1,0,1
433500,Jarrell Schwertner Wsc,4,0,4
433600,City Of Jarrell,1,0,1
434000,Jarvis Christian College,1,0,1
435200,City Of Jayton,1,0,1
436920,Jefferson County Wcid 10,1,0,1
437500,City Of Jersey Village,2,0,2
437600,City Of Jewett,2,0,2
437700,Jim Wells County Fwsd 1,2,0,2
438349,J & R Mhp,1,0,1
438500,B & J Water Co,1,0,1
439000,Sleepy Hollow Trailer Park,1,0,1
439200,City Of Johnson City,1,0,1
440305,Lame Duck Water System,1,0,1
440306,Johnson Mobile Home Park,1,0,1
440370,Jonestown Wsc,1,0,1
440380,Jones Wsc,1,0,1
440425,Bernard River Oaks,1,0,1
440450,Choctaw Subdivision,1,0,1
440500,Homeland Subdivision,1,0,1
440510,Jones Creek Terrace,1,0,1
440520,Jones Creekwood,1,0,1
440530,River Oaks,1,0,1
440535,Royal Ridge,1,0,1
440540,City Of Josephine,1,0,1
441600,City Of Junction,1,0,1
442400,City Of Justin,1,0,1
456000,Arimak Water Supply,2,0,2
457800,City Of Karnes City,1,0,1
458610,Peek Road Mobile Home Park,1,0,1
458900,Keenan Wsc,1,0,1
459400,City Of Keene,2,0,2
460875,Kellyville Berea Wsc,1,0,1
461465,City Of Kemp,2,0,2
461540,Kendall Pointe,1,0,1
461600,City Of Kendleton,2,0,2
461810,Kennedy Ridge Wsc,2,0,2
462000,City Of Kennard,2,0,2
462620,Kennedy Road Wsc,1,0,1
462900,Kentuckytown Wsc,1,0,1
463200,City Of Kerens,1,0,1
464250,Kerr Villa Mobile Home Park,1,0,1
465075,Loma Vista Water System,1,0,1
465560,Key Mobile Home Park,1,0,1
465850,City Of Killeen,1,0,1
465950,Kinard Estates,1,0,1
466000,Kinbrook Estates,1,0,1
466683,King Cottle Wsc,1,0,1
466685,King Ranch Santa Gertrudis District,1,0,1
466687,King Ranch Norias,1,0,1
466688,King Ranch Laureles Division,1,0,1
466700,Oak Grove Texas Wsc,1,0,1
466702,Kings Point Wsc,1,0,1
466703,Kings Rest Subdivision,1,0,1
466707,Kingsland Estates Wsc,1,0,1
466720,Kingsland Wsc,3,0,3
466751,Kingmont Mobile Home Park,1,0,1
467000,City Of Kirby,1,0,1
467400,City Of Kirbyville,1,0,1
467460,Kirkmont Mud,2,0,2
467700,City Of Kirvin,1,0,1
467715,Klein Pud,3,0,3
467725,Kleinwood Mud,2,0,2
467726,Fishermans Paradise,1,0,1
467728,Bosque Basin Wsc,1,0,1
468100,Knippa Wsc,1,0,1
468120,Knob Hill Wsc,1,0,1
468125,Knob Hill Water System,1,0,1
468200,City Of Knox City,1,0,1
469000,City Of Kosse,2,0,2
469800,City Of Kountze,1,0,1
470600,Kress Municipal Water System,2,0,2
471350,Mustang Sud,4,0,4
471400,City Of Krum,3,0,3
477375,La Caleta Estates,1,0,1
477499,Saws Texas Research Park,1,0,1
478000,City Of La Coste,1,0,1
478800,City Of Ladonia,1,0,1
478810,Wood Trail Water Supply,1,0,1
479000,City Of La Feria,1,0,1
479500,Lago Vista Water System,1,0,1
479600,City Of La Grange,3,0,3
479610,City Of La Grulla,1,0,1
479650,Laguna Tres Subdivision,1,0,1
479655,Laguna Vista Subdivision,1,0,1
479680,Lajitas On The Rio Grande,1,0,1
479690,City Of La Joya,2,0,2
479800,La Junta,1,0,1
480351,Lake Bonanza Wsc,1,0,1
480359,Lake Conroe Hills Mud,1,0,1
480380,Lake Conroe Village,1,0,1
480400,Lake Cities Municipal Utility Authority,3,0,3
480405,Lake Creek Forest,1,0,1
480905,Lake Forest Water System,1,0,1
480951,Lake Ioni Water Supply,1,0,1
480963,Lake Palestine Water,1,0,1
481200,City Of Lake Jackson,2,0,2
481266,Lakeland Services,1,0,1
481270,Lakeland Water System,1,0,1
481275,Lake Limestone Coves Water System,1,0,1
481276,Lake Livingston Village,1,0,1
481277,Lake Livingston Heights Wsc,1,0,1
481310,Lake Mud,1,0,1
481354,Town Of Ransom Canyon,1,0,1
481359,Cedarview Estates,1,0,1
481361,Point La Vista,1,0,1
481363,Esquire Estates Ii,1,0,1
481364,Lake Sheridan Estates,1,0,1
481375,3 G Wsc,1,0,1
481380,Town Of Lakeside,2,0,2
481382,West Houston Airport,1,0,1
481385,City Of Lakeside City,1,0,1
481390,Lakeside Estates Subdivision,1,0,1
481495,Lakeside Village Subdivision,1,0,1
481510,Lakeside Water Supply District,1,0,1
481517,Lake Waterwheel Estates,1,0,1
481520,Town Of Holiday Lakes,1,0,1
481525,Lakeshore Sites Water,1,0,1
481570,Lake Tanglewood Water System,1,0,1
481625,Lake Utility Co,1,0,1
481875,Ranchero Estates,1,0,1
481950,Lakeview Hills Wsc,1,0,1
481960,Lakeview Hills Poa,1,0,1
482000,Lakeview Wsc,1,0,1
482510,Lakeview Ranchettes,1,0,1
482685,Lakeview Water,1,0,1
482725,Big Eddy,1,0,1
482730,Lake Vista Utility,1,0,1
482734,Lake Vista Village,1,0,1
482830,Steele Creek Harbor,1,0,1
482840,Rocky Creek Water System,1,0,1
482875,King Creek Wsc,1,0,1
482970,Lakewood Water East,1,0,1
482975,City Of Lake Worth,2,0,2
482988,City Of Roxton,1,0,1
483200,City Of La Marque,2,0,2
484900,Laneville Wsc Plant 1,1,0,1
486000,Zavala County Wcid 1,1,0,1
486520,La Salle Landing Water System,1,0,1
486545,Last Resort Properties,1,0,1
486800,City Of La Vernia,2,0,2
486820,City Of La Villa,2,0,2
487400,Bear Creek Sud,1,0,1
487500,City Of La Ward,1,0,1
487570,Lawrence Wsc,1,0,1
487600,City Of Lawn,3,0,3
487805,Lazbuddie Isd,1,0,1
487807,Lazy Lane Mobile Home Park,1,0,1
488500,Leagueville Wsc,1,0,1
488800,City Of Leakey,1,0,1
488923,Leaning Oak Mobile Home Park,1,0,1
488930,City Of Leary,1,0,1
488979,Lee Ridge Subdivision,1,0,1
490000,Lefors Municipal Water System,1,0,1
490517,Leisurewoods Water,1,0,1
490600,City Of Leona,2,0,2
491600,City Of Leonard,1,0,1
491870,City Of Leon Valley,1,0,1
493150,Water Works 1 Floyd Acres,1,0,1
493151,Water Works 2 Island Lodges,1,0,1
494000,City Of Lexington,1,0,1
494500,Libby Wsc,1,0,1
494800,City Of Liberty,1,0,1
494810,Liberty Danville Fwsd 2,1,0,1
495600,City Of Liberty Hill,3,0,3
496900,Lilbert Looneyville Wsc,1,0,1
497000,Lilly Grove Sud,1,0,1
497180,Lincoln Wsc,1,0,1
497250,Lindale Rural Wsc,1,0,1
498800,City Of Linden,1,0,1
499400,City Of Lindsay,1,0,1
501200,City Of Lipan,1,0,1
503000,Little Elm Valley Wsc,2,0,2
503900,Little Hope-Moore Water Supply,1,0,1
504000,Little Joes Ice House & Trailer Park,1,0,1
504400,Bell County Wcid 2,2,0,2
504820,Live Oak Hills Subdivision,1,0,1
504835,Liveoaks Mobile Home Park,1,0,1
504875,City Of Liverpool,1,0,1
505200,City Of Livingston,1,0,1
505250,City Of Llano,1,0,1
505255,Llano County Mud 1,2,0,2
505270,Llano Grande Lake Park West,1,0,1
507050,City Of Log Cabin,1,0,1
507100,Lohn Wsc,1,0,1
507200,Jackson County Wcid 1,1,0,1
507230,Lollipop Water Works,1,0,1
507275,Loma Alta Water System,1,0,1
507280,Gbra Lomas Water Co Comal Trace,2,0,2
508600,Lone Pine Wsc,1,0,1
508750,City Of Lone Star,1,0,1
511851,Lone Willow Mhp West,1,0,1
511925,Longford Place Water System,1,0,1
511955,Longhorn Mobile Home Community,1,0,1
512005,Longhorn Valley,1,0,1
512100,Loop Wsc,1,0,1
512400,City Of Loraine,2,0,2
512600,Hills Of Oliver Creek,1,0,1
514025,Lori Heights Mobile Home Subdivision,1,0,1
514500,City Of Los Fresnos,2,0,2
514800,City Of Lott,1,0,1
514898,Louetta North Pud,2,0,2
515600,Wharton County Wcid 1 Louise,1,0,1
516400,City Of Lovelady,2,0,2
517685,Alleyton Water System,1,0,1
519000,Lubbock County Wcid 1,1,0,1
519215,City Of Lucas,1,0,1
519225,Luce Bayou Pud,1,0,1
519245,City Of Lueders,1,0,1
519300,Luella Sud,1,0,1
519700,Hhsc Lufkin State Supported Living Cent,1,0,1
520400,City Of Luling,1,0,1
520560,Lunar Lane Water System,1,0,1
520800,City Of Lyford,2,0,2
521000,Lyons Wsc,1,0,1
521600,City Of Lytle,1,0,1
521680,Macedonia Eylau Mud 1,1,0,1
526190,High Prairie Water Supply Corp,1,0,1
533430,Malcomson Road Utility District,2,0,2
534200,City Of Malone,1,0,1
534260,Maloy Wsc,2,0,2
535825,Mansfield South,1,0,1
535850,City Of Manvel,1,0,1
535855,Manvel Road Terrace Subdivision,1,0,1
535950,Maple Wsc,1,0,1
536290,Marathon Water Supply & Sewer Service,1,0,1
536365,Marbridge Foundation,1,0,1
536600,City Of Marfa,1,0,1
537000,City Of Marietta,1,0,1
537600,Markham Mud,1,0,1
537635,Markum Ranch Estates,1,0,1
537637,Mark V Estates,1,0,1
537740,Marlow Wsc,1,0,1
537800,City Of Marquez,1,0,1
538130,Marsha Wsc,1,0,1
538200,City Of Mart,2,0,2
538400,Martin County Fwsd 1,1,0,1
539000,Martindale Wsc,2,0,2
539850,Martins Mill Wsc,1,0,1
539908,Martin Springs Wsc,1,0,1
540600,City Of Mason,1,0,1
540765,Mason Lake Water System,1,0,1
541400,City Of Matador,1,0,1
542250,Matagorda County Wcid 2,2,0,2
542260,Matagorda County Wcid 5,1,0,1
542275,Matagorda Dunes Subdivision,1,0,1
542300,Matagorda Wsc,1,0,1
543000,City Of Mathis,1,0,1
543200,Matthew Road Wsc,1,0,1
543800,City Of Maud,1,0,1
543805,Big Creek West Subdivision Water Sytem,1,0,1
543810,Mauriceville Mud,1,0,1
543820,Maverick County Airport Water Works,1,0,1
545000,Maydelle Wsc,1,0,1
545400,City Of Maypearl,2,0,2
545500,May Wsc,1,0,1
545600,Mcadoo Wsc,1,0,1
547000,City Of Mccamey,1,0,1
547100,Mcclelland Wsc,1,0,1
547360,Mccoy Wsc,2,0,2
547500,Bastrop County Wcid 1,1,0,1
547650,Ut Mcdonald Observatory,1,0,1
547745,Mccraw Chapel Wsc,1,0,1
549400,Mclean Municipal Water Supply,1,0,1
552500,Meachen Meadows Subdivision Water System,1,0,1
552600,City Of Meadow,2,0,2
552700,Meadowcreek Mud,2,0,2
552905,Meadow Woods Water Supply,1,0,1
553680,Lake Medina Shores,1,0,1
553750,Medina Highlands,1,0,1
553760,Medina River West Wsc,1,0,1
553771,Medina Childrens Home,1,0,1
553800,Medina Wsc,1,0,1
553900,Valley Mobile Home Properties,1,0,1
554200,City Of Melissa,3,0,3
554500,Melrose Wsc,2,0,2
554505,Carby Mobile Home Park,1,0,1
555000,City Of Melvin,1,0,1
555297,Memory Lane Mhp,1,0,1
555630,Memorial Hills Utility District,2,0,2
555675,Memorial Point Utilities District,1,0,1
555700,Memorial Villages Water Authority,2,0,2
556280,Saws Mountain Laurel,1,0,1
556600,City Of Menard,1,0,1
557200,Menlow Wsc,1,0,1
557300,M E N Wsc,1,0,1
559050,Mercy Wsc,1,0,1
559950,City Of Merkel,1,0,1
560600,City Of Mertens,1,0,1
561400,City Of Mertzon,1,0,1
564391,Wwww Water System,1,0,1
565310,Midfield Wsc,1,0,1
565320,Midhaven Estates,1,0,1
567025,White Oak Ranch Section One,1,0,1
567100,City Of Midway,1,0,1
567500,Milano Wsc,2,0,2
568600,City Of Miles,2,0,2
569400,City Of Milford,2,0,2
569410,Military Hwy Wsc Del Mar Heights,1,0,1
569420,Mill Creek Estates,2,0,2
569900,Miller Grove Wsc,1,0,1
569905,Walnut Grove Mhp,1,0,1
569960,Milligan Wsc,1,0,1
569985,Millsap Wsc,1,0,1
570500,Minden-Brachfield Wsc,1,0,1
571600,Minerva Wsc,2,0,2
571620,City Of Mingus,1,0,1
571800,Mirando City Wsc,1,0,1
573200,M J C Wsc,3,0,3
573300,M & M Wsc,1,0,1
573400,Mobeetie City Water Works,1,0,1
573455,Mobile Estates Mobile Home Park,1,0,1
574000,Moffat Wsc,2,0,2
574107,Blue Water Oaks Estates,1,0,1
574109,Twin Creek Subdivision,1,0,1
574110,Ridgecrest Addition & Misty Hollow,2,0,2
575800,Montague Water System,1,0,1
576000,Montalba Wsc,1,0,1
576098,Montgomery County Mud 98,2,0,2
576600,City Of Montgomery,1,0,1
576610,Montgomery County Fwsd 6,1,0,1
576631,Montgomery County Mud 112,3,0,3
576632,Montgomery County Mud 115,1,0,1
576635,Montgomery County Ud 2,1,0,1
576640,Montgomery County Mud 8,2,0,2
576641,Montgomery County Mud 9,2,0,2
576643,Montgomery County Mud 16 White Oak Plant,2,0,2
576645,Montgomery County Mud 24 Country Colony,2,0,2
576650,Montgomery County Wcid 1,1,0,1
576653,Montgomery County Mud 42,1,0,1
576655,Montgomery Place Water System,1,0,1
576657,Montgomery County Mud 18,2,0,2
576670,Barlow Lake Estates,1,0,1
576684,Montgomery County Mud 84,2,0,2
577400,City Of Moody,2,0,2
577450,Moody Water System,1,0,1
577850,Mooreland Water Company,1,0,1
577870,Mooreland Subdivision,1,0,1
577875,Mooreland Subdivision Water System,1,0,1
577900,Moore Station Wsc,1,0,1
578000,Mooreville Wsc,2,0,2
578055,Moores Water System,1,0,1
578100,Moore Wsc,1,0,1
578109,City Of Moran,1,0,1
578200,City Of Morgan,1,0,1
578300,Morgan Mill Wsc,1,0,1
578620,City Of Morgans Point Resort,1,0,1
578975,City Of Hackberry,2,0,2
579000,Morse Wsc,1,0,1
579800,City Of Morton,1,0,1
579990,Morton Road Mud,2,0,2
580030,Morton Valley Wsc,1,0,1
580150,Mosheim Wsc,1,0,1
580300,Moss Lake Wsc,1,0,1
581200,City Of Mount Calm,1,0,1
581290,City Of Mountain City,1,0,1
581425,Rjr Water,1,0,1
581450,Mountain Springs Wsc,1,0,1
581700,Mountain Wsc,3,0,3
582100,Mostyn Manor,2,0,2
582101,Sonoma Ridge-Mccall Sound,1,0,1
582255,Mount Pleasant Village Water System,1,0,1
583010,Mount Sylvan Water System,2,0,2
583020,Mount Zion Wsc,1,0,1
583800,City Of Mount Vernon,1,0,1
584000,M S Wsc,2,0,2
584600,City Of Muenster,2,0,2
584648,Mulberry Water Supply Brookeland Fwsd,1,0,1
586075,Multi-County Wsc,1,0,1
586200,City Of Munday,1,0,1
587500,City Of Murchison,1,0,1
587600,Murvaul Wsc,1,0,1
587601,South Murvaul Wsc,1,0,1
587650,City Of Murphy,1,0,1
587750,Mustang Valley Wsc,1,0,1
588300,Myra Water System,1,0,1
588500,Myrtle Springs Wsc,1,0,1
588525,Mystic Oaks Water,1,0,1
592020,Nacogdoches County Mud 1,1,0,1
592080,Nameless Hollow Condominiums,1,0,1
592800,City Of Naples,1,0,1
592900,City Of Nash,1,0,1
593000,Nash Forreston Wsc,2,0,2
593050,City Of Nassau Bay,2,0,2
593610,City Of Natalia,1,0,1
596900,Nazareth Municipal Water System,1,0,1
597000,Neches Wsc,2,0,2
597600,City Of Needville,2,0,2
599300,Nevada Sud,1,0,1
600000,City Of Newark,1,0,1
600500,New Alsace Wsc,1,0,1
600900,Galveston County Mud 12,2,0,2
601650,New Caney Mud,1,0,1
601670,City Of Newcastle,1,0,1
601700,New Concord Wsc,1,0,1
602000,City Of New Deal,1,0,1
602211,New Forest Estates Water System,1,0,1
602410,H & L New Gulf,1,0,1
602700,City Of New Home,1,0,1
602900,New Hope Sud,1,0,1
603000,City Of New London,1,0,1
603080,Newport Mud,2,0,2
603170,Newsome Wsc,1,0,1
603700,City Of New Summerfield,1,0,1
603750,New Ulm Wsc,1,0,1
603800,City Of New Waverly,1,0,1
604125,Niagra Public Water Supply,1,0,1
604206,Nico Tyme Water Coop,1,0,1
604365,Southwest Sandhills Wsc,1,0,1
605660,Nocona Hills Wsc,1,0,1
605790,Nogalus Centralia Wsc,1,0,1
605900,Nolan County Fwsd 1,1,0,1
605940,Nolan Creek Estates,1,0,1
605950,Nolan River Estates,1,0,1
606050,Bell County Wcid 3,1,0,1
606100,City Of Nome,1,0,1
606400,City Of Nordheim,2,0,2
607400,City Of Normangee,1,0,1
607463,North Breeze Mhp,1,0,1
607465,North Bosque Wsc,2,0,2
607466,North Bosque Estates Water Supply,1,0,1
607475,Northcrest Ranch Water System,2,0,2
607505,North Collin Sud,1,0,1
607506,Crystal Springs Subdivision,1,0,1
607509,North County Water Supply,1,0,1
607512,Northeast Washington County,1,0,1
607520,North Farmersville Wsc,1,0,1
607533,North Fork Creek,1,0,1
607534,Northgate Mobile Home Park 1,2,0,2
607539,North Hamilton Hill Wsc,1,0,1
607550,North Harrison Wsc,1,0,1
607701,Windmill Ranch Subdivision,2,0,2
607830,North Hopkins Wsc,1,0,1
607850,North Hunt Sud,3,0,3
607860,North Kaufman Wsc,2,0,2
607900,North Milam Wsc,1,0,1
607910,North Mission Glen Mud,2,0,2
607925,Northern Hills Water Service,1,0,1
609875,North Park Pud,1,0,1
609895,Northpark Wsc,1,0,1
609948,North Ridge Estates,1,0,1
610018,North Runnels Wsc,2,0,2
610030,North Rural Wsc,1,0,1
610040,North San Saba Wsc,1,0,1
610400,Northside Wsc,1,0,1
610707,Northtown Mud,1,0,1
610710,North University Estates,1,0,1
610715,North Victoria Utilities,1,0,1
611015,Northwest Harris County Mud 28,2,0,2
611019,Northwest Park Mud,1,0,1
611020,Northwest Harris County Mud 9,3,0,3
611026,Northwest Harris County Mud 16,1,0,1
611028,Northwest Harris County Mud 22,1,0,1
611030,Northwest Harris County Mud 19,2,0,2
611039,Northwest Harris County Mud 30,3,0,3
611045,Northwest Hills Water Supply,1,0,1
611052,Northwest Forest Mud,1,0,1
611053,Northwest Pines Mobile Home Community,1,0,1
611070,Northwoods Mobile Home Park,1,0,1
611072,Northwoods Wsc,1,0,1
611073,Northwoods Subdivision,1,0,1
611400,North Zulch Mud,1,0,1
611500,Norwood Wsc,1,0,1
612645,Oak Bend Homeowners Water Supply,1,0,1
612648,3-D Mobile Home And Rv Park,1,0,1
617230,Oak Forest Lakeway Manor,1,0,1
617430,Oak Grove Mobile Home Park,1,0,1
617440,Oak Grove Wsc,1,0,1
617500,Oak Hill Fwsd 1,1,0,1
617580,Oak Hill Mobile Home Park East,1,0,1
617710,Oak Hollow Subdivision,1,0,1
618025,Oak Leaf Trail,1,0,1
618148,Oakland Village Mobile Home Community,2,0,2
618150,Oakland Wsc,1,0,1
618153,Oak Meadows,1,0,1
618156,Oak Meadows Subdivision Ii And Iii,1,0,1
618160,Oakmont Saddle Mountain Water System,1,0,1
618175,Oak Ridge Wsc,1,0,1
618185,Oak Ridge Estates Water System,1,0,1
618300,City Of Oak Ridge North,2,0,2
618400,Oak Ridge South Gale Wsc,1,0,1
618415,Oak Shores Water System,1,0,1
618510,Oak Shores Water System,1,0,1
618550,Oak Manor Mud,1,0,1
618571,Oakridge Square Mobile Home Park,1,0,1
618574,Oak River Ranch,1,0,1
618587,Oak Terrace Estates Water System,1,0,1
618590,Oak Trail Shores,1,0,1
618600,Oakridge Mobile Home Subdivision,1,0,1
618622,Oaks Mobile Home Park,1,0,1
618623,Oaks Of Rosehill,1,0,1
618624,Lakes Of Rosehill Water System,1,0,1
618628,Oakmont Pud,2,0,2
618630,Oakview Farms Subdivision,1,0,1
618800,City Of Oakwood,2,0,2
618810,Oakwood Subdivision Water System,1,0,1
618825,Oak Woods Water System,1,0,1
619000,City Of Obrien,1,0,1
619113,Ocean Mobile Home Park,1,0,1
619200,City Of Odem,1,0,1
622000,City Of Odonnell,2,0,2
622400,Oenaville & Belfalls Wsc,2,0,2
622800,City Of Oglesby,2,0,2
623465,Oilton Rural Wsc,2,0,2
623466,Oklaunion Wsc,1,0,1
623468,Old Alton Water,1,0,1
623480,Old Chisolm Estates,1,0,1
623540,Olden Wsc,1,0,1
623565,Old Town Wsc,1,0,1
623905,Olsen Estates Water System,1,0,1
624400,City Of Olton,1,0,1
625200,City Of Omaha,1,0,1
626010,Onalaska Wsc,2,0,2
626050,One Five O Wsc,1,0,1
626055,Sk Mobile Home Park,2,0,2
626700,Onion Creek Meadows,1,0,1
626709,City Of Opdyke West,1,0,1
628000,Orange Grove Water Supply,1,0,1
628400,City Of Orange Grove,1,0,1
628425,Blue Sage Gardens Subdivision,1,0,1
628426,Brandi Estates,1,0,1
628427,Colony Cove Subdivision Water System,1,0,1
628428,Grasslands,1,0,1
628429,Rosharon Road Estates Subdivision,1,0,1
628430,Sandy Meadow Estates Subdivision,1,0,1
628431,Coronado Country,1,0,1
628432,Country Acre Estates,1,0,1
628433,Country Meadows,1,0,1
628840,City Of Orchard,1,0,1
629000,City Of Ore City,1,0,1
632000,City Of Ovilla,1,0,1
632850,Oyster Creek Estates,1,0,1
632905,City Of Oyster Creek,2,0,2
634000,Crockett County Wcid 1 Ozona,1,0,1
635400,Oakview Water System,1,0,1
635950,Padok Timbers Subdivision Ws,1,0,1
635951,K Lake Terrace,1,0,1
635952,K Estates Water System,1,0,1
635953,Roving Meadows Water System,1,0,1
639000,City Of Paducah,1,0,1
639530,City Of Paint Rock,1,0,1
639532,Paisano Mobile Home Park,1,0,1
639800,City Of Palacios,2,0,2
639805,Tonkawa Wsc,1,0,1
641400,City Of Palmer,1,0,1
641450,Palmer Plantation Mud 1,1,0,1
641451,Palmer Plantation Mud 2,1,0,1
641653,Palo Duro Club Water System,1,0,1
642201,Tdcj Baten & Jordan Units,1,0,1
647800,Panhandle Municipal Water System,1,0,1
650200,Panola-Bethany Wsc,1,0,1
650230,City Of Panorama Village,1,0,1
650400,Town Of Pantego,1,0,1
650850,Lake Livingston Paradise Cove,1,0,1
650901,Paradise Point Subdivision,1,0,1
651000,City Of Paradise,2,0,2
651500,Parkland Estates,1,0,1
651601,Park Place Subdivision,1,0,1
651745,Parkerville East Mobile Home Park,1,0,1
651750,Parker Wsc,2,0,2
651755,City Of Aledo,2,0,2
651785,Parkview Water Supply,1,0,1
651825,Parker County Sud Ground Water,1,0,1
652057,Patrick Wsc,2,0,2
652060,Pattison Wsc,1,0,1
652110,Pattonville Wsc,1,0,1
652165,Payne Springs Wsc,1,0,1
652173,Pb & Sc Water Supply Corporation,1,0,1
652176,Peaceful Meadows Subdivision,1,0,1
652178,Peakes Park,1,0,1
653265,Lake Livingston Big Thicket Lake 2,1,0,1
653400,City Of Pearsall,1,0,1
653855,Concho Rural Water Pecan Creek,2,0,2
653867,Pecan Grove Mobile Home Park,1,0,1
653868,Peaceful Lane Village,1,0,1
653870,City Of Parker,1,0,1
653925,Pecan Utilities Oak Ridge Subdivision,1,0,1
654310,Pecos County Fresh Water,1,0,1
654315,Pecos County Wcid 1,2,0,2
654450,City Of Pelican Bay,1,0,1
654500,Pendleton Wsc,2,0,2
656550,Penelope Wsc,1,0,1
658200,City Of Petersburg,1,0,1
658205,Peterson Place Subdivision Water System,1,0,1
658250,City Of Petrolia,1,0,1
659000,Pettus Mud,1,0,1
659200,Petty Wsc,1,0,1
664400,Phelps Sud,1,0,1
683002,Phoenix Water Works,1,0,1
683025,Pigeon Road Estates,1,0,1
683070,Pickton Wsc,1,0,1
683123,Pinedale Mobile Home Community,1,0,1
683130,City Of Pilot Point,1,0,1
683132,Pilot Point Rural Water Supply,1,0,1
683136,Pin Oak Mobile Home Park,1,0,1
683158,Pine Harbor Subdivision,1,0,1
683160,Pine Hill-Chapman Wsc,1,0,1
683161,Pine Lake Subdivision North Wsc,1,0,1
683167,Pine Oak Forest Water,1,0,1
683180,City Of Pinehurst,1,0,1
683181,Pinehurst Decker Prairie Wsc,1,0,1
683182,Walker County Sud A,1,0,1
683183,Pine Ridge Wsc South,1,0,1
683185,Pine Trails Utility,1,0,1
683188,Pinewood Place Mobile Home Community,1,0,1
683200,Pink Hill Wsc,2,0,2
683201,Lake Livingston Estates 1,1,0,1
683206,Lake Livingston Estates 2 & 3,1,0,1
683207,Old Snake River Estates East,1,0,1
683210,Lake Livingston Goodrich North,1,0,1
683211,Lake Livingston Kickapoo Estates,1,0,1
683212,Big Thicket Lake Estates 1,1,0,1
683213,Riverside Harbor,1,0,1
683215,Lake Livingston Country Sunrise,1,0,1
683219,Lake Livingston Putnams Landing,1,0,1
683220,Lake Livingston Flowing Wells,1,0,1
683221,Lake Livingston Sandy Ridge Water,1,0,1
683225,Lake Livingston Sportsmans Retreat,1,0,1
683227,Lake Livingston Wiggins Village 1,1,0,1
683228,Lake Livingston Wiggins Village 2,1,0,1
683230,Lake Livingston Beech Creek Village,1,0,1
683232,Lake Livingston Horseshoe Lake Estates,1,0,1
683235,Big Thicket Retreat,1,0,1
683236,Lake Livingston Cozy Forest,1,0,1
683237,Lake Livingston Indian Springs Lake,1,0,1
683238,Lake Livingston Wild Country Lake Estate,1,0,1
683239,Lake Livingston Lake Run A Muck,1,0,1
683242,Lake Livingston Holiday Shores 4,1,0,1
683243,Lake Livingston Hoop N Holler,1,0,1
683247,Lake Livingston Holiday Shores 1 2 3,1,0,1
683248,Lake Livingston New River Lake Estates,1,0,1
683249,Lake Livingston Wilson Lake Estates,1,0,1
683250,Lake Livingston Tejas,1,0,1
683256,Lake Livingston Northwoods,1,0,1
683257,Lake Livingston Wild Bird Country Water,1,0,1
683258,Pine Trail Shores,1,0,1
683262,Pine Village Pud,2,0,2
683263,Cypress Springs Sud Pine Valley,1,0,1
683370,Pioneer Valley Water,1,0,1
683390,Pinwah Pines Estates,1,0,1
683650,Victoria County Wcid 2,1,0,1
683800,City Of Plains,1,0,1
685915,Plantation On Cotton Bayou,1,0,1
686450,Platten Creek Water System,1,0,1
686600,Pleasant Grove Wsc,1,0,1
686800,Pleasant Hill Wsc,1,0,1
686810,Pleasant Hill Wsc 2,2,0,2
686812,Loma Alta Wsc,1,0,1
686900,Pleasant Springs Wsc,1,0,1
686945,Town Of Pleasant Valley,1,0,1
688200,Poetry Wsc,1,0,1
688500,Point Aquarius Mud,1,0,1
688850,Point Royal Wsc,1,0,1
688865,Western Pines Mhp,1,0,1
688875,Polonia Wsc,2,0,2
689400,Town Of Ponder,1,0,1
689450,Ponderosa Addition Utilities,1,0,1
690165,Port Adventure,1,0,1
690176,Port Alto Hoa District 1,1,0,1
690177,Port Alto Wsc,1,0,1
691000,City Of Port Lavaca,1,0,1
691200,Port Mansfield Pud,1,0,1
691901,Possum Kingdom Wsc,1,0,1
694200,City Of Poteet,1,0,1
694220,Carrizo Hill Wsc,1,0,1
695000,City Of Poth,1,0,1
695250,Potosi Wsc,1,0,1
695850,Poynor Community Wsc,1,0,1
696800,Prairie Grove,2,0,2
697000,Prairie Hill Wsc,1,0,1
697350,City Of Prairie View,1,0,1
697400,Prairie View A&M University,1,0,1
698500,City Of Presidio,1,0,1
699000,City Of Premont,1,0,1
700550,Price Wsc,1,0,1
700600,Priddy Wsc,1,0,1
700680,City Of Primera,2,0,2
703000,Town Of Prosper,1,0,1
703235,Provence Water System,1,0,1
703250,Providence Wsc,1,0,1
703270,Pruitt Sandflat Wsc,1,0,1
703275,Heathergate Estates,1,0,1
703290,Purdon Water,1,0,1
703470,Pure Wsc,2,0,2
703800,City Of Pyote,1,0,1
707070,Pyssens Live Oak Estates Subdivision,1,0,1
707494,Quail Creek Subdivision,1,0,1
707497,Quail Run Mobile Home Park,1,0,1
707498,Quail Valley Estates Mobile Homes,1,0,1
708650,River Club Water,1,0,1
708800,City Of Quanah,1,0,1
709600,City Of Queen City,1,0,1
709900,Quiet Village Ii,1,0,1
710400,City Of Quinlan,2,0,2
710401,4 R Ranch Water 2,1,0,1
710500,Town Of Quintana,1,0,1
712000,City Of Quitman,1,0,1
712050,J M P Utilities,1,0,1
717330,Radiance Wsc,1,0,1
717772,Raintree Estates,1,0,1
717800,City Of Ralls,1,0,1
718000,Ralston Acres Water Supply Corporation,1,0,1
718055,Ramblewood Mobile Home Park,1,0,1
718057,Ramblewood Utility & Wsc,1,0,1
718100,Ramey Wsc,1,0,1
718405,Ranch Hills Water Supply Corporation,1,0,1
718426,City Of Kountze- Ranchland,1,0,1
718433,Ranch Oaks Subdivision,1,0,1
718434,Rockin J Ranch Subdivision,1,0,1
718435,Rancho Villa Subdivision,1,0,1
718445,Lgrvr Wsc,1,0,1
718550,Randolph Wsc,1,0,1
718590,City Of Rankin,1,0,1
718595,Rankin Road West Mud,2,0,2
719050,Ratcliff Wsc,1,0,1
719100,Ravenna Nunnelee Wsc,1,0,1
719170,Rayburn Country Mud,1,0,1
719350,Raylake Wsc,1,0,1
719400,City Of Raymondville,2,0,2
720200,Raywood Water System,1,0,1
720250,Raywood Wsc,1,0,1
720575,R C H Wsc,1,0,1
720800,Duval County Crd Realitos,1,0,1
721000,City Of Red Oak,2,0,2
721003,Redford Water Supply,1,0,1
721100,Redland Wsc,2,0,2
721154,Rra Estelline Turkey,2,0,2
721156,Rra Truscott Gilliland Water System,2,0,2
721158,Rra Guthrie Dumont Water System,1,0,1
721160,Rra Kirkland Lazare Ws,1,0,1
721162,Rra Lockett Water System,1,0,1
721164,Rra Ringgold,1,0,1
721166,Rra Samnorwood Water System,1,0,1
721168,Rra Farmers Valley Water System,3,0,3
721171,Rra Arrowhead Lake Lots,1,0,1
721172,Rra Tell Cee Vee Ws,1,0,1
721174,Rra Carey Northfield Ws,1,0,1
721175,Rra Garden Valley Ws,1,0,1
721176,Rra Saied Ws,1,0,1
721177,Rra Greenbelt Lake Lots,1,0,1
721178,Rra Foard County Water System,1,0,1
721179,Red River County Wsc,5,0,5
721183,Rra Newlin Water System,1,0,1
721185,Rra Club Lake Water System,1,0,1
721190,Rra Northeast Quanah Water System,1,0,1
721191,Rra New Goodlett Water System,1,0,1
721192,Rra Southwest Quanah Water System,1,0,1
721194,Rra Box Community Water System,1,0,1
721195,Rra Hinds Wildcat Water System,1,0,1
721196,Rra Dodson Water System,2,0,2
721197,Rra Howardwick,1,0,1
721198,Rra Goodlett Water System,1,0,1
721200,City Of Redwater,1,0,1
721300,Redwood Estates Mobile Home Park,1,0,1
722600,City Of Refugio,1,0,1
722618,Rehobeth Wsc,1,0,1
722660,City Of Reklaw,1,0,1
722705,Remuda Ranch Estates,1,0,1
722725,Renes Water System,1,0,1
722750,City Of Reno,1,0,1
722751,City Of Reno,4,0,4
723195,R C Wsc,1,0,1
723900,Rice University,3,0,3
723965,Ricewood Mud,3,0,3
725200,Richards Water System,1,0,1
725500,City Of Richland,1,0,1
726600,City Of Richland Springs,1,0,1
726650,Richland Sud,1,0,1
728095,City Of Richwood,2,0,2
728110,Riderville Wsc,1,0,1
728127,Ridge Harbor,1,0,1
728217,Riley Road Estates Ws,1,0,1
728220,Squaw Creek Subdivision Water System,2,0,2
728300,Rincon Wsc,1,0,1
728310,Rhineland Wsc,1,0,1
728540,Rio Brazos Wsc,1,0,1
728550,Rio Wsc,2,0,2
728650,City Of Rio Hondo,1,0,1
729220,Rio Medina Estates,1,0,1
729225,Pioneer Estates,1,0,1
729240,Webb County Water Utilities,1,0,1
729250,Rio Villa Wsc,1,0,1
729800,City Of Rio Vista,1,0,1
729810,Blue Medina Water,1,0,1
730600,City Of Rising Star,1,0,1
730620,River Acres Wsc,1,0,1
730623,River Bend Estates,1,0,1
730640,Riverboat Bend Trailer Park,1,0,1
730650,River Bend Water System,1,0,1
730700,River Bend Water Services,1,0,1
730759,River Country Acres,1,0,1
730764,Rivercrest Water,1,0,1
730770,River Front Village,1,0,1
730900,City Of River Oaks,2,0,2
731020,River Oaks Ranch,1,0,1
731030,River Oaks Wsc,1,0,1
731040,River Oaks Subdivision,1,0,1
731060,River Oaks Water System,1,0,1
731279,River Run Water System,1,0,1
731300,Riverside Sud,2,0,2
731330,River View Estates,1,0,1
731910,Roans Prairie,1,0,1
732200,City Of Roanoke,1,0,1
733000,City Of Roaring Springs,2,0,2
733530,Robin Cove Water Subdivision,1,0,1
735400,Rochelle Wsc,1,0,1
736200,City Of Rochester,2,0,2
737000,City Of Rockdale,2,0,2
737075,Rocky Creek Subdivision Water System,1,0,1
738600,City Of Rocksprings,1,0,1
740200,City Of Rogers,1,0,1
740210,Rogers Road Water System,1,0,1
740700,Rollan Heights Subdivision,1,0,1
740815,Rolling Oaks Subdivision,1,0,1
740826,Rolling Creek Utility District,2,0,2
740827,Rolling Hills Colony Water System,1,0,1
740910,Rolling Hills Water Service,1,0,1
741000,City Of Rollingwood,1,0,1
741225,Roman Forest Pud 3,1,0,1
741226,Roman Forest Pud 4,1,0,1
742600,City Of Roscoe,1,0,1
742610,City Of Rosebud,1,0,1
742622,City Of Rose City,1,0,1
742645,Rose Hill Sud,1,0,1
744000,Rosewood Mobile Home Park,1,0,1
744200,Rosharon Township,1,0,1
745000,Ross Wsc,3,0,3
745202,Rim Rock Ranch,1,0,1
746200,South Garza Wsc,2,0,2
748950,Rowena Wsc,1,0,1
749815,Royal Coach Mobile Home Village,1,0,1
750000,Royal Oaks Water,1,0,1
750100,Royalwood Mud,1,0,1
750800,R P M Wsc,1,0,1
752601,Suncreek Estates Section 1,1,0,1
752610,Suncreek Ranch Section 2,1,0,1
752612,Sunrise Bay Subdivision,1,0,1
752613,Sunset Bay,1,0,1
753000,City Of Rule,2,0,2
753800,City Of Runge,1,0,1
754200,Rural Wsc,1,0,1
754610,Rusk Rural Wsc Crockett St Plant,1,0,1
757715,Rust Ranch Water Supply,1,0,1
757725,Rustic Hills Water,1,0,1
759000,Ryan Long Subdivision 2 Water System,1,0,1
759600,City Of Sabinal,1,0,1
759750,City Of Sachse,1,0,1
760400,City Of Sadler,2,0,2
760940,Sagerton Wsc,1,0,1
762050,Salem Elm Ridge Wsc,2,0,2
762600,Saint Francis Village,1,0,1
764090,Saint Paul Wsc,1,0,1
764110,St Stephens Episcopal School,1,0,1
764160,Hhsc San Angelo State Supported Living C,1,0,1
764626,Stonecrest Ranch,1,0,1
765205,San Augustine Rural Wsc,1,0,1
766000,City Of San Benito,1,0,1
766800,Terrell County Wcid 1,1,0,1
767000,Sand Hills Wsc,2,0,2
767475,Sandy Acres Addition,1,0,1
767500,Sandy Creek Ranches Subdivision,1,0,1
767503,Sandy Harbor Subdivision,1,0,1
767505,The Estates Of Sandy Hills,1,0,1
767815,Sanford Municipal Water System,1,0,1
767850,South San Gabriel Ranches,1,0,1
767855,San Gabriel River Ranches,1,0,1
768200,City Of Sanger,2,0,2
768700,San Jacinto Sud,1,0,1
768800,City Of San Juan,1,0,1
768925,Deaf Smith County Fwsd 1,1,0,1
768980,Village Of San Leanna,2,0,2
768990,San Leon Mud,1,0,1
769310,San Patricio County Mud 1,1,0,1
769700,San Pedro Canyon Subdivision - Upper,1,0,1
769725,San Pedro Village,1,0,1
771400,City Of Sansom Park,2,0,2
771500,City Of Santa Anna,1,0,1
772200,City Of Santa Rosa,1,0,1
773825,Saratoga Estates,1,0,1
774600,Kenedy County,1,0,1
775150,Ss Wsc,1,0,1
776502,Satsuma Park Villa Mobile Home Park,1,0,1
777000,City Of Savoy,1,0,1
778030,The Oaks Wsc,2,0,2
778046,Scenic Valley Mobile Home Park,1,0,1
778560,Starlite Mobile Home Park,1,0,1
778763,Red Rock Wsc,1,0,1
778765,City Of Scotland,1,0,1
778772,Seaboard Wsc,1,0,1
780200,City Of Seagoville,1,0,1
781000,City Of Seagraves,1,0,1
781002,Safari Water System,1,0,1
781800,City Of Sealy,1,0,1
781910,Ridge Utilities,1,0,1
782625,Sebastian Mud,2,0,2
783125,Seis Lagos Utility District,1,0,1
783250,Selkirk Wsc,1,0,1
783300,City Of Selma,2,0,2
783400,City Of Seminole,1,0,1
783450,Sendera Lake Estates,1,0,1
783500,Seneca Wsc,1,0,1
783530,Senna Hills Mud,1,0,1
783551,Sendera Ranch,1,0,1
783552,Creekside Village,2,0,2
783553,Lakes Of Magnolia,2,0,2
783554,Chenango Ranch,1,0,1
783599,Saddle & Surrey Acres Wsc,1,0,1
783605,Serenity Woods Subdivision,1,0,1
783800,Sequoia Improvement District,1,0,1
787825,Seth Ward Wsc,1,0,1
788202,Spicewood Estates,1,0,1
788208,Rain Wsc,1,0,1
788220,Shadowood Water Co,1,0,1
788300,Shady Brook Acres,1,0,1
788450,Shady Creek Section 3 Water System,1,0,1
788549,Shady Grove Subdivision,1,0,1
788550,Shady Grove Sud,1,0,1
788551,Scenic Ridge Addition,1,0,1
788555,Shady Hills Estates Water System,1,0,1
788557,Shady Hollow Estates Wsc,1,0,1
788563,Shaded Lane Estates,1,0,1
788565,Shady Meadows Estates,1,0,1
788615,Shady Oaks Water,1,0,1
788655,Shady Rest Mobile Home Park,1,0,1
788801,Shalako Water Supply,1,0,1
790600,Shan D Water Supply,1,0,1
790900,City Of Shavano Park,1,0,1
790920,Shawnee Shores,1,0,1
791000,Sheffield Wsc,1,0,1
792600,City Of Shenandoah,2,0,2
792605,Shenandoah Estates,1,0,1
792800,City Of Shepherd,1,0,1
792810,Shepherd Hills Estates,1,0,1
792850,Sheridan Wsc,1,0,1
793585,Sherwood Mobile Home Park,2,0,2
793713,Shiloh Ridge Wsc,1,0,1
793716,Shiloh Wsc,1,0,1
794400,Shirley Wsc,1,0,1
794600,Shiro Water System,1,0,1
795000,City Of Shoreacres,2,0,2
795075,Cape Carancahua Wsc,1,0,1
795155,Shuler Point Water System,1,0,1
795310,Sienna Mud 10,1,0,1
795311,Sienna Management District,1,0,1
795312,Sienna Mud 12,1,0,1
795390,City Of Missouri City,2,0,2
795392,Sienna Mud 3,2,0,2
795398,Sienna Plantation Management District,1,0,1
795943,Siesta Shores Wcid,1,0,1
796100,Signal Hill Water System 24,1,0,1
797088,Silver Creek Estates,1,0,1
797100,Silver Creek Village Wsc,1,0,1
797800,Silverton Municipal Water System,1,0,1
797820,Silverwoods Subdivision,1,0,1
797821,Silver Saddle Acres,1,0,1
797822,Silver Hills Park,1,0,1
798570,Singing Meadows Subdivision,1,0,1
800100,Six Lakes Subdivision,1,0,1
800130,Sjolander Road Mobile Home Park,1,0,1
801000,Skellytown Municipal Water System,1,0,1
801181,Sk Mobile Home Park,1,0,1
801190,Sky Harbour Wsc,1,0,1
801195,Skyline Ranch Estates Wsc,1,0,1
801199,Skyline Drive Landowners Assn Water Syst,1,0,1
801250,Skyline Terrace Subdivision,2,0,2
801350,Sky View Ranch Estates,1,0,1
801810,Slaughter Creek Acres,1,0,1
801825,Sleepy Hollow Water System,1,0,1
801833,Concan Wsc,2,0,2
801850,Slidell Wsc,1,0,1
801900,Slocum Wsc,1,0,1
801950,City Of Smiley,1,0,1
802000,Smith Bend Wsc,1,0,1
802540,Smith Water,1,0,1
802600,City Of Smithville,1,0,1
802620,Smithwick Mills Community,1,0,1
802800,City Of Smyer,1,0,1
803400,City Of Snook,1,0,1
805150,Soda Wsc,1,0,1
805350,Songbird Addition,1,0,1
806000,City Of Sour Lake,1,0,1
806200,South Cleveland Wsc,1,0,1
806560,South Council Creek 2,1,0,1
806565,South Dayton Oaks,1,0,1
806621,Southeast Wsc System 2,2,0,2
806650,South Ellis County Water Supply,2,0,2
806656,Southampton Subdivision,1,0,1
806823,South Bosque Wsc,1,0,1
806860,South Haven Mhp,1,0,1
806863,South Lake Park Service,1,0,1
806865,Slc Wsc,1,0,1
806870,South Meadows West,1,0,1
806875,South Newton Wsc,1,0,1
806930,Southern Hills,1,0,1
807060,Southern Oaks Water Supply,1,0,1
807325,South Freestone County Wsc,1,0,1
807350,South Grayson Sud,1,0,1
807450,South Kirbyville Rural Wsc,1,0,1
807500,City Of Southlake,1,0,1
808000,City Of Southmayd,1,0,1
808250,Southpark Mobile Home Estates,1,0,1
808300,South Rusk County Wsc,1,0,1
809000,City Of Southside Place,2,0,2
809100,South Silver Creek I Ii & Iii,1,0,1
809103,South Tawakoni Wsc,1,0,1
809104,South Taylor Lake Village Wsc,1,0,1
809300,South Texas Childrens Home,1,0,1
809915,Travis County Wcid 19,1,0,1
809929,Southwest Harris County Mud 1,2,0,2
809935,Cswr Southwest Garden Water,1,0,1
809952,Southwest Territory,2,0,2
817550,Texas State University - San Marcos,4,0,4
817556,Shady Hollow Mud,1,0,1
817562,Tidewater Oaks Subdivision,1,0,1
817563,Bernard Acres,1,0,1
817564,Oak Bend Estates,1,0,1
817565,Pine Vista Mobile Home Village,1,0,1
817566,Arrowhead Lake & Frontier Lake,1,0,1
817568,Kenwood Subdivision Water System,1,0,1
817569,Airport Heights,1,0,1
817570,Forest Woods Subdivision,1,0,1
817571,Laird Estates,1,0,1
817573,Las Playas,1,0,1
817574,Aldine Meadows,1,0,1
817576,Bergville Addition,1,0,1
817577,Mary Francis Subdivision,1,0,1
817579,Hidden Forest Estates,1,0,1
817580,Dorsett Place,1,0,1
817581,Greenwood Village,1,0,1
817582,Enchanted Forest,1,0,1
817583,Colonial Hills,1,0,1
817584,Lake Conroe West,1,0,1
817585,Spring Creek Forest,1,0,1
817586,Stetner Addition,1,0,1
817587,Maywood Acres,1,0,1
817588,Piney Point Subdivision,1,0,1
817589,Oak Hollow Subdivision,1,0,1
817590,Tres Palacios Oaks Subdivision,1,0,1
817614,Cherokee Shores Water Supply,1,0,1
817617,Southeast Kaufman Wsc,1,0,1
817650,Spade Wsc,1,0,1
817665,Spanish Bit Plantation Subdivision,1,0,1
817670,Spanish Cove Pud,1,0,1
817672,Spanish Grant Subdivision,1,0,1
817725,Spanish Oaks Addition,1,0,1
817800,Spearman Municipal Water System,1,0,1
819775,Spicewood Beach,1,0,1
819875,Split Rock Water System,1,0,1
819950,Spofford Water System,1,0,1
819958,Sportsmans World Mud,1,0,1
820000,Bayer Water System,1,0,1
820010,Spring Creek Forest Pud,2,0,2
820015,Spring Creek Utility District,3,0,3
820030,Spring Creek Valley Estates,1,0,1
820040,Spring Creek Circle Wsc,1,0,1
820105,Stonetown Spring Oaks Mobile Home Park,1,0,1
820160,City Of Springlake,1,0,1
820170,City Of Spring Valley Village,2,0,2
820182,New Progress Wsc Enchanted Oaks Subdivis,1,0,1
820184,Highland Lakes,1,0,1
820185,Ponderosa Hills Subdivision,1,0,1
820187,Mar Lynn Subdivision,1,0,1
820190,Spring Valley Wsc,3,0,3
820192,Spring Meadows Mud,1,0,1
820193,Spring West Mud,1,0,1
820700,Staff Wsc Lacasa Area,1,0,1
823105,Villa Utilities,1,0,1
823400,City Of Stanton,2,0,2
823819,Star Harbor Wsp,1,0,1
823820,Star Mountain Wsc,1,0,1
823850,Starr Wsc,3,0,3
823900,Starrville-Friendship Wsc,1,0,1
824195,Stephens Regional Sud,2,0,2
824400,City Of Sterling City,1,0,1
824650,Scenic Heights,1,0,1
825000,City Of Stinnett,1,0,1
825815,S-Estates Wsc,1,0,1
825830,Stonecrest Estates,1,0,1
825860,Stone Hedge Estates,1,0,1
825864,Stonewall Wcid,1,0,1
826600,Stratford Municipal Water System,1,0,1
826626,Strawberry Estates,1,0,1
826627,City Of Streetman,1,0,1
827050,Stryker Lake Wsc,2,0,2
827151,Study Butte Terlingua Water System,1,0,1
827220,Sunshine Country Acres,1,0,1
827301,Beaumont Place,2,0,2
827302,Castlewood Subdivision,1,0,1
827303,Cypress Bend Subdivision,1,0,1
827308,Reservoir Acres Subdivision,1,0,1
827400,City Of Sudan,1,0,1
827600,Sudduth Water System,1,0,1
829450,Sun Acres Mobile Home Park,1,0,1
829455,Sunbelt Fwsd Heather Glen Subdivision,1,0,1
829457,Sunbelt Fwsd Northline Terrace,2,0,2
829458,Sunbelt Fwsd Oakglen Subdivision,1,0,1
829462,Sunbelt Fwsd Oakwilde Subdivision,2,0,2
829465,Sunbelt Fwsd Woodland Oaks Subdivision,2,0,2
829500,Sunko Wsc,2,0,2
829790,Sunday Canyon Wsc,1,0,1
829800,City Of Sundown,1,0,1
829825,Sundown Mobile Home Park,2,0,2
830085,Sunnydale Wsc,1,0,1
831400,City Of Sunray,1,0,1
832660,City Of Sunrise Beach Village,1,0,1
832710,Sunset Acres Subdivision,2,0,2
832720,Sunset Water System,1,0,1
832780,Sunset Hills Subdivision,1,0,1
832805,Sunset Mobile Home Park 2,1,0,1
833000,City Of Sunset Valley,2,0,2
834210,Sunshine Meadows Water Utility,1,0,1
835250,Village Of Surfside Beach,1,0,1
835320,Sutton Hills Estates,1,0,1
835325,High Valley Wsc,1,0,1
835336,Lakeway Harbor Subdivision,1,0,1
835370,Swea Gardens Estates,1,0,1
835400,City Of Sweeny,1,0,1
835600,Swenson Wsc,1,0,1
837900,Swift Wsc,1,0,1
837975,Sylvester Mccaulley Wsc,3,0,3
841300,Bastrop County Wcid 2,1,0,1
842000,City Of Tahoka,2,0,2
842800,City Of Talco,1,0,1
842810,Tallows Mobile Home Park,1,0,1
842820,Talley Wsc,2,0,2
842826,Toe Water Supply Corporation,1,0,1
842830,Tall Pines Utility,1,0,1
842832,Tall Timbers Wsc,1,0,1
842840,Talty Sud,1,0,1
842875,Old Tamina Wsc,1,0,1
842894,Bentwood Bend Water System,1,0,1
842896,Spring Creek Pure Utilities,1,0,1
842899,Tanglewood Forest Subdivision,1,0,1
842900,Tanglewood On Texoma,2,0,2
842973,Tara Park Water System,1,0,1
842974,Tarkington Sud,1,0,1
843530,Abraxas Utilities,1,0,1
843540,Linkwood Estates Subdivision,1,0,1
843560,Slay Estates,1,0,1
843600,City Of Tatum,1,0,1
844445,Taylor Lake Estates Water System,1,0,1
844510,Stanley Lake Mud,2,0,2
845010,Barrow Subdivision,1,0,1
845012,Quinlan North Subdivision,1,0,1
845015,Quinlan South Subdivision,1,0,1
845018,Crazy Horse Subdivision,1,0,1
845030,Tbm Resident Wsc,1,0,1
845050,City Of Teague,1,0,1
845074,Aero Valley Water Service,1,0,1
845200,City Of Tehuacana,1,0,1
845805,Telge Manor Mhp,1,0,1
845810,Telge Terrace Mobile Home Subdivision,1,0,1
846210,Tempe Wsc 1,1,0,1
846400,City Of Tenaha,1,0,1
847455,Ten West Ranches,1,0,1
847520,Terrells Mobile Home Park,1,0,1
848200,Texas A&M University Kingsville,4,0,4
851359,City Of Fairfield Boyd Unit,1,0,1
851366,Tdcj Beto Unit,1,0,1
851380,Tdcj Coffield Michael,1,0,1
851385,Tdcj Luther Units,1,0,1
851390,Tdcj Memorial Unit,2,0,2
851400,Tdcj Wainwright Unit,1,0,1
851425,Tdcj Pack Unit,1,0,1
851440,Tdcj Jester Unit 3,1,0,1
851450,Tdcj Ferguson Unit,1,0,1
851455,Tdcj Ramsey Area,2,0,2
853494,Texas Landing Utilities,1,0,1
854160,Texas National Mud,1,0,1
857243,Wheat Meadow Mobile Home Park Section I,1,0,1
861970,Texhoma City Municipal Water System,1,0,1
862602,Rocky Point Estates,1,0,1
862605,City Of Southmayd Westview Subdivision,1,0,1
862606,Ridgecrest,2,0,2
862612,Texoma Estates Wsc,1,0,1
863500,Thalia Wsc,2,0,2
863508,Commodore Cape Water System,1,0,1
864505,Thompson Heights Water System,1,0,1
864525,Lakewood Tanglewood,1,0,1
864526,Wildwood Water System,1,0,1
864527,Keechi Addition,1,0,1
865300,City Of Thornton Water System,1,0,1
866000,City Of Thrall,1,0,1
866051,The Coves Wsc,1,0,1
866053,Estates Utility Co Stonegate,1,0,1
866100,Three Community Wsc,1,0,1
866125,Harris County Mud 368,2,0,2
866150,Three Oaks Wsc,1,0,1
866270,City Of Throckmorton,2,0,2
866280,Thunderbird Utility District 1,1,0,1
866305,Cottonwood Hills Estates,1,0,1
866310,Lazy Bend Estates,1,0,1
866555,Tierra Del Lago,1,0,1
866560,Tiffany Water,1,0,1
866600,Mcmullen County Wcid 1,1,0,1
866753,Timbercreek Valley,1,0,1
866820,Timberdale Mobile Home Subdivision,1,0,1
867115,Timberlane Estates Property Owners Assoc,1,0,1
867125,Timberlane Water System,1,0,1
867277,Timer Water System,1,0,1
867600,City Of Timpson,1,0,1
868400,City Of Tioga,1,0,1
869200,Refugio County Wcid 1,1,0,1
870000,City Of Tolar,1,0,1
870200,Toledo Village Wsc,1,0,1
870800,City Of Tom Bean,2,0,2
871000,Tom Green County Fwsd 2 Christoval,1,0,1
871002,Tom Green County Fwsd 3,1,0,1
871165,Tal Tex,1,0,1
871170,Topsey Wsc,1,0,1
871200,El Paso County Tornillo Wid,1,0,1
871226,Leaning Towering Oaks Subdivision,1,0,1
871228,Tower Oak Bend Wsc,1,0,1
871229,Town Bluff Water System,1,0,1
871240,Town North Estates,1,0,1
871250,Tow Water System,1,0,1
871252,City Of Toyah,1,0,1
871344,Dogwood Springs Wsc Plant 1,1,0,1
871420,Trails End Mobile Home Park,1,0,1
871600,City Of Trent,1,0,1
871707,Travis County Mud 10,1,0,1
871710,Travis County Mud 14,1,0,1
871727,Travis County Wcid 18,1,0,1
871730,Travis County Wcid Point Venture,1,0,1
871800,Treasure Island Mud,1,0,1
872400,City Of Trenton,1,0,1
872650,Tres Vidas Subdivision,1,0,1
872900,Tri Community Wsc,1,0,1
873002,Alice Acres Mobile Home Subdivision,1,0,1
873003,Brandywine Pines,1,0,1
873004,Cypress Crossing,1,0,1
873008,Hunters Retreat,1,0,1
873009,Kipling Oaks 1,1,0,1
873010,Deer Ridge Subdivision,1,0,1
873012,Mink Branch Valley,1,0,1
873014,Pleasant Forest Subdivision,1,0,1
873015,Rimwick Forest,1,0,1
873016,Shady Acres,1,0,1
873017,Brandywine Oaks,1,0,1
873025,Rustic Oaks Subdivision,1,0,1
873026,Kickapoo Farms Subdivision,1,0,1
873027,Trailwood Subdivision,1,0,1
873028,Willow Oaks Mobile Home Subdivision,1,0,1
874100,Tbcd West Treatment Plant,1,0,1
874375,Trinity Cove Subdivision,1,0,1
874453,Trinity River Estates,1,0,1
874455,Trinity Rural Wsc 2,1,0,1
874600,Sjwtx Triple Peak Plant,3,0,3
874605,Triple H Estates,1,0,1
874607,Triple J Mobile Home Park,1,0,1
876750,Tryon Road Sud,2,0,2
877000,Tucker Wsc,1,0,1
877200,Tulia Municipal Water System,3,0,3
877600,Tunis Wsc,1,0,1
878200,Turlington Wsc,1,0,1
879800,Turtle Cove Lot Owners Assoc,1,0,1
879890,Turtle Creek Village,1,0,1
880400,Tuscola-Taylor County Wcid 1,2,0,2
880709,Bammel Oaks Estates 1,1,0,1
880712,Atascocita Acres Subdivision,1,0,1
880714,Carriage Hills,1,0,1
880715,Bammel Oaks Estates 2,1,0,1
880717,Westgate Subdivision,1,0,1
880718,Mobile Home Estates,1,0,1
880719,Boudreaux Gardens,1,0,1
880720,Cypress Place,1,0,1
880721,North Woods Estates,1,0,1
880722,Crystal Forest Subdivision,1,0,1
880723,Texas Landing Utilities Deerwood,1,0,1
880840,Twin Creek Park Water System,1,0,1
880900,Twin Creek Wsc,1,0,1
880940,South Fork Mobile Home Park,1,0,1
880942,City Of Carls Corner,1,0,1
880943,Twin Lakes Water,1,0,1
880955,Anthony Harbor Subdivision,1,0,1
880956,Glen Oaks Water System,1,0,1
880966,Forest Hills Water Supply,1,0,1
880970,Hickory Hollow Water System,1,0,1
880973,Lakewood Water System,1,0,1
880976,La Playa Subdivision Water System,1,0,1
880986,Parkway Water System,1,0,1
880988,Powell Point Water System,1,0,1
880996,Westwood Wsc,1,0,1
881075,Twin Oaks Mhp Midland,1,0,1
881090,Twin Oaks Ranch,2,0,2
881125,Two Way Sud,3,0,3
881140,City Of Tye,1,0,1
881300,Tyler County Sud,1,0,1
885010,Umbarger Community Water Supply,1,0,1
886860,Union Grove Wsc,1,0,1
887650,Union Wsc,2,0,2
889158,Jbsa - Sam Houston,1,0,1
889165,Camp Stanley Storage Activity,1,0,1
889180,Laughlin Air Force Base,1,0,1
889280,Jbsa - Randolph,1,0,1
889310,Fort Bliss Biggs Army Airfield,1,0,1
889350,Jbsa - Lackland,1,0,1
889370,Fort Bliss Main Post Area,2,0,2
889400,Us Army South Fort Cavazos,2,0,2
889550,Tdcj Chase Field,1,0,1
889565,Corpus Christi Naval Air Station,1,0,1
889610,Sheppard Air Force Base,1,0,1
889641,Naval Air Stn Joint Reserve Base,1,0,1
889645,Dyess Air Force Base,1,0,1
889650,Goodfellow Air Force Base,1,0,1
889800,Naval Air Station Kingsville,1,0,1
891320,City Of Universal City,4,0,4
891336,City Of University Park,1,0,1
891343,Upper Jasper County Water Authority 2,2,0,2
891347,Upper Jasper County Water Authority 1,1,0,1
891371,Orchard Crossing Subdivision,1,0,1
891375,Utopia Wsc,1,0,1
892475,Vacation Village,1,0,1
894300,City Of Valentine,1,0,1
894540,Valley Acres Mhp Water System,1,0,1
895000,City Of Valley Mills,1,0,1
895025,Valley Mud 2 Rancho Viejo,3,0,3
895800,City Of Valley View,1,0,1
897000,City Of Van,1,0,1
897400,City Of Van Alstyne,3,0,3
898200,Jackson County Wcid 2,1,0,1
899110,Van Manor Mobile Home Park,1,0,1
899200,Matagorda County Wcid 6,1,0,1
899710,Varner Creek Utility District,1,0,1
900600,Vega Municipal Water System,1,0,1
901300,Verde Hills Wsc,1,0,1
901400,City Of Venus,1,0,1
901500,Verde Park Estates,1,0,1
902270,Verona Sud,1,0,1
902351,Grand Lakes Mud 1,1,0,1
902352,Grand Lakes Mud 2,1,0,1
902353,Kerrville Va Hospital,1,0,1
903800,Orange County Wcid 1,1,0,1
905015,View-Caps Wsc,1,0,1
905030,Villa Alegre Estates,2,0,2
905096,Village Trace Water System,1,0,1
905130,Vinton Hills Subdivision,2,0,2
905200,Vinton Mobile Home Park,1,0,1
905210,Vinton Village Estates,1,0,1
905300,Violet Wsc,1,0,1
906000,Virginia Hill Wsc,1,0,1
906009,Vista Del Rio,1,0,1
906012,Mary Mead Water System,1,0,1
911800,Wadsworth Wsc,1,0,1
912706,Wagon Wheel Estates Water System,1,0,1
913450,Windmill Trail,1,0,1
913600,Waka Wsc,1,0,1
914400,City Of Wake Village,1,0,1
915260,Walden Estates,1,0,1
916000,City Of Waller,1,0,1
916100,Sky Lakes Wsc,1,0,1
916860,Walnut Bend Water System,1,0,1
916862,Walnut Bend Isd,1,0,1
916865,Walnut Cove Wsc,1,0,1
916890,Walnut Creek Estates,1,0,1
916895,Walnut Creek Subdivision,1,0,1
917000,Walnut Grove Wsc,4,0,4
917400,Walnut Ridge Estates Water System,1,0,1
917600,City Of Walnut Springs,2,0,2
917620,Walston Springs Wsc,1,0,1
917670,Ward Prairie Wsc,1,0,1
917695,City Of Warren City,1,0,1
918700,Warren Wsc,1,0,1
919010,Washington County Railroad,1,0,1
919100,Washburn Community Wsc,1,0,1
919201,Waskom Rural Wsc,1,0,1
919353,City Of Watauga,1,0,1
919361,Riverside Estates,1,0,1
919363,Snug Harbor Subdivision,1,0,1
919364,Wolf Glen Water System,1,0,1
919365,Bernard Oaks Subdivision,1,0,1
919367,Demi John Place Water System,1,0,1
919375,Waterwood Mud 1,1,0,1
919600,Watson Lakes Wsc,1,0,1
919640,Calico Farms Subdivision,1,0,1
919641,Centennial Place,1,0,1
919642,Flora 6,1,0,1
919643,Flora 7,1,0,1
919644,Heights Country Subdivision,1,0,1
919645,Meadowland Subdivision,1,0,1
919646,Meadowlark Subdivision,1,0,1
919647,Meadowview Subdivision,1,0,1
919650,Palmetto Subdivision,1,0,1
919651,Pleasant Meadows Subdivision,1,0,1
919652,Pleasantdale Subdivision,1,0,1
919653,Quail Meadows Subdivision,1,0,1
919654,Sandy Ridge Subdivision,1,0,1
919655,Sharondale Subdivision,1,0,1
919656,Sterling Estates,1,0,1
919657,Wellborn Acres,1,0,1
919658,Westwood Subdivision,1,0,1
919659,Windsong Subdivision,1,0,1
919800,Phillips Acres,1,0,1
921200,Waynewood Place Civic Club,1,0,1
923000,City Of Weinert,2,0,2
923200,Weir Water Works,1,0,1
923500,Welch Wsc,1,0,1
924795,Crestwood Water Co,1,0,1
924800,City Of Wellman,1,0,1
925600,City Of Wells,1,0,1
927230,84 West Wsc,1,0,1
927500,Westador Mud,2,0,2
927695,City Of Westbrook,1,0,1
927698,West Cedar Creek Water System,1,0,1
928500,West Bell County Wsc,1,0,1
928700,West Cedar Creek Mud,1,0,1
928800,City Of West Columbia,2,0,2
929000,West Delta Wsc,3,0,3
929100,West End Wsc,2,0,2
929130,Westfield Garden Mobile Home Park,1,0,1
929301,West Harris County Mud 1,1,0,1
929305,West Harris County Mud 4,2,0,2
929400,West Harris County Mud 6,2,0,2
929409,West Harris County Mud 9,3,0,3
929411,West Harris County Mud 11,3,0,3
929413,West Harris County Mud 14,1,0,1
929417,West Harris County Mud 17,1,0,1
929440,West Houston Mobile Home Community,1,0,1
929447,West Meadow Subdivision,1,0,1
929560,Western Cass Wsc,1,0,1
930700,Western Hills Harbor,2,0,2
930725,Western Hills Water System,1,0,1
930800,Western Homes Subdivision,1,0,1
930900,Western Lake Estates,1,0,1
931510,Western Trails Subdivision,1,0,1
931830,West Gregg Sud,1,0,1
931840,Westhaven Wsc,1,0,1
932017,White Rock Wsc 3 West Lake Mexia,1,0,1
932019,Westlake Village Mobile Home Park,1,0,1
932100,West Leonard Wsc,1,0,1
932185,West Medina Wsc,1,0,1
932300,Westminster Sud,1,0,1
932400,West Montgomery,1,0,1
932500,Westmont Mobile Home Community,1,0,1
932720,West Oak Heights,1,0,1
932775,West Park Village,1,0,1
932800,Weston Wsc,2,0,2
934400,Town Of Westover Hills,1,0,1
934600,Westphalia Wsc,2,0,2
934870,Westside Rural Wsc,1,0,1
934871,Williamson County Wsid 3,2,0,2
934872,Walsh Ranch Mud,1,0,1
934890,City Of West Tawakoni,1,0,1
934900,West Texas Boys Ranch,1,0,1
936880,Westview Enterprises,1,0,1
937600,City Of West University Place,2,0,2
937640,Chisholm Hills Estates,1,0,1
938200,Westwood Water System,1,0,1
938280,Westwood Shores Mud,2,0,2
938290,Westwood North Wsc,1,0,1
938300,City Of Fairfield - Westwood Utility,1,0,1
938310,City Of Westworth Village,1,0,1
938315,Texas Water Supply,1,0,1
938320,Westwood Subdivision,1,0,1
938321,Waterstone Estates,1,0,1
938326,Yesterdays Crossing,1,0,1
938330,Weybridge Subdivision Water System,1,0,1
939200,Wheeler Municipal Water System,1,0,1
939250,Wickson Sud Wheelock,1,0,1
939330,Whispering Oaks Water Coop,1,0,1
939358,Whispering Oaks Water Works,1,0,1
939365,Whisper Meadows,1,0,1
939450,Whispering Pines Lake Water,1,0,1
939463,Whispering Pines Subdivision,1,0,1
939625,White Bluff,1,0,1
940800,City Of Whiteface,1,0,1
941300,City Of Whitehouse,2,0,2
941801,Ranch Crest Subdivision,1,0,1
941910,White Oak Water Supply Corporation,3,0,3
942001,Southern Utilities Laird Hill,2,0,2
942250,White Rock Wsc 2 White Rock,1,0,1
942400,City Of Whitesboro,1,0,1
943200,City Of White Settlement,2,0,2
943300,White Shed Wsc,1,0,1
943540,White Tail Ridge Lakes Estates,1,0,1
943571,Whitewater Springs Water System,2,0,2
943580,Whitewing Subdivision,1,0,1
943600,City Of Whitewright,1,0,1
943800,Whitharral Wsc,1,0,1
944000,City Of Whitney,2,0,2
944450,Whitt Wsc,1,0,1
944451,Stormlight Mobile Home Park,1,0,1
944457,Wichita Valley Wsc,3,0,3
944460,Wilderness The,1,0,1
944461,Yegua Water System,1,0,1
944462,Wildwood Estates Subdivision Water Syste,1,0,1
944465,Wildorado Wsc,1,0,1
944467,Wildwood Mobile Home Village,1,0,1
944470,Wildwood Resort City,1,0,1
944478,Vista Oaks Mud,1,0,1
944487,Windermere Community,3,0,3
944489,City Of Willow Park,3,0,3
944494,Windsor Estates,1,0,1
944500,City Of Winona,1,0,1
944502,Willow Manor Mobile Home Park,1,0,1
945600,City Of Wickett,1,0,1
946850,Wilco Water,1,0,1
947001,Town Of Westlake,1,0,1
948745,Williamson Travis County Mud 1,1,0,1
949000,Sherwood Shores,2,0,2
949342,Willowcreek Farms,1,0,1
949520,City Of Wills Point,1,0,1
949600,City Of Wilmer,1,0,1
950900,Cedar Oak Mesa Wsc,1,0,1
951000,Wimberley Wsc,1,0,1
951050,Wimberley Oaks Wsc,1,0,1
951200,City Of Windom,2,0,2
951255,Windsor Water,1,0,1
951400,Windthorst Wsc,2,0,2
951500,Windwood Oaks Water System,1,0,1
952000,City Of Wink,1,0,1
952400,Tbcd Winnie Stowell,1,0,1
952811,Amber Creek Mhp,1,0,1
953400,Woden Wsc,2,0,2
953650,City Of Wolfe City,1,0,1
954400,City Of Wolfforth,2,0,2
954500,Woodbine Special Utility District,1,0,1
954551,Woodcreek Subdivision Sec I,1,0,1
954552,Woodcreek Utility Co 1,1,0,1
954750,Woodhaven Estates,1,0,1
954810,Woodhaven Mobile Home Park,1,0,1
954820,Wood Island Homeowners Association Water,1,0,1
954843,Woodland Acres Water Association,1,0,1
954875,Woodland Estates,1,0,1
954905,Woodland Harbor,1,0,1
954908,Woodlands Hills Water,1,0,1
954915,Woodland Hills,1,0,1
954918,Woodland Lakes Estates Wsc,1,0,1
954925,Woodland Oaks Estates,1,0,1
955100,Woodlake Josserand Wsc,1,0,1
955700,Woodlawn Wsc,1,0,1
955750,Town Of Woodloch,1,0,1
955770,Wood Oaks Water Works,1,0,1
955800,Woodrow Osceola Wsc Osceola,1,0,1
955900,Woodridge Park Subdivision,1,0,1
956000,Town Of Woodsboro,1,0,1
956425,Woods Wsc,1,0,1
956450,Woods Creek Wsc,1,0,1
957322,Woodway Subdivision Water System,1,0,1
957350,City Of Wortham,1,0,1
957390,Wren Water System,1,0,1
957600,City Of Wylie,1,0,1
957605,Wylie Northeast Sud,1,0,1
958000,Wynnwood Haven Estates,1,0,1
959000,City Of Yantis,1,0,1
959115,Yeager Estates Addition,1,0,1
968400,City Of Yorktown,1,0,1
968825,Yaupon Cove,1,0,1
969505,Zapata County Wcid Hwy 16 East,1,0,1
969510,Zapata County San Ygnacio & Ramireno,1,0,1
970000,City Of Zavalla,1,0,1
1100541,Federal Correctional Complex-Beaumont,1,0,1
1101164,Llano Grande Lake Park East,1,0,1
1101727,Pearland Acres Mhp,1,0,1
1101867,Crown Ranch Subdivision,1,0,1
1101868,Stillwater Estates,1,0,1
1101874,Gum Springs Wsc 2,1,0,1
1101876,Oak Hill Estates,1,0,1
1101878,Woodrow Osceola Wsc Pleasant Vw,1,0,1
1101879,Woodrow Osceola Wsc Blanton Well Plant 1,1,0,1
1102015,Sun Wsc,1,0,1
1102032,Central Texas College Killeen,1,0,1
1102033,Del Lago Estates Wsc,1,0,1
1102034,Ruby Ranch Wsc,1,0,1
1102035,City Of Brazos Country,1,0,1
1102036,Lake Lorraine Ws,1,0,1
1102037,Royal Lakes Estates,1,0,1
1102038,Grand Harbor Water System,1,0,1
1102039,Harborside,1,0,1
1102041,Hydies Crossing,1,0,1
1102042,Millers Crossing,1,0,1
1102043,Old Mill Lake,1,0,1
1102044,Oaks Of Trinity Subdivision,1,0,1
1102045,Riverwalk Subdivision,1,0,1
1102046,The Ranch Subdivision,1,0,1
1102047,Spring Oaks Subdivision,1,0,1
1102048,Splendora Woods,1,0,1
1102049,Sunrise Ranch,1,0,1
1102050,Thousand Oaks,1,0,1
1102051,Deer Run,1,0,1
1102053,Lakes Of Fairhaven,2,0,2
1102054,Paradise Cove Water System,1,0,1
1102055,Graced Land East,1,0,1
1102056,Havenshire Water System,1,0,1
1102058,Al Leonard Ranch,1,0,1
1102059,Lake South Wsc,1,0,1
1102060,Mesquite Mhp,1,0,1
1102062,Bee Creek Estates,1,0,1
1102063,Creekside Acres Water System,1,0,1
1102064,Emerson Estates,1,0,1
1102065,Bridgepoint Subdivision,1,0,1
1102066,Clear Water Cove Inc,1,0,1
1102067,Timber Line Estates,1,0,1
1102070,Klondike Isd,1,0,1
1102071,Mustang Creek Estates,1,0,1
1102072,Grand Harbor Wsc,1,0,1
1102073,Cooks Point Wsc,1,0,1
1102076,Trails End Subdivision,1,0,1
1102077,Hwy 59 Estates,1,0,1
1102078,Five Oaks Estates,1,0,1
1102079,Shannon Place Water System,1,0,1
1102080,River Oaks Sunshine Acres,1,0,1
1102081,Rollins Hills Estates Water Corp,1,0,1
1102082,Fort Bend County Mud 140 Rivers Edge,1,0,1
1102083,Silver Wings Fly In Ranch,1,0,1
1102086,Windmill Wsc,1,0,1
1102087,Dal High Water System,1,0,1
1102091,Frio Cielo Ranch Association Water Syste,1,0,1
1102092,Ville Dalsace Water Supply,1,0,1
1102093,Laurel Canyon Ranch Water System,1,0,1
1102095,Moscow Wsc 2,1,0,1
1102101,Sun Ranch Water System,1,0,1
1102103,Champion Lakes Estates Water Plant,1,0,1
1102104,North Town Acres,1,0,1
1102106,Winterhaven Subdivision,1,0,1
1102107,Timber Creek Estates,1,0,1
1102108,Paseo Del Este Mud 1,1,0,1
1102109,Bumblebee Hills,1,0,1
1102110,Webb County Water Dispenser,1,0,1
1102112,High Meadows Ranch Water Supply,1,0,1
1102113,Powder Mill Estates,1,0,1
1102114,Mcfarland Village Apartments,1,0,1
1102115,Everett Square Windcrest Estates,1,0,1
1102116,Highline Oaks Water Utility,1,0,1
1102117,Timber Ridge Section 2,1,0,1
1102118,Sail Haven,1,0,1
1102120,Grand Oaks Mud,1,0,1
1102121,Columbus Oaks Apartments,1,0,1
1102123,Deer Country Wsc,1,0,1
1102125,Wildwood Shores,1,0,1
1102127,Kingdom Heights Water System,1,0,1
1102129,Sherwood-Mt Pisgah Wsc,1,0,1
1102131,Longhorn Meadows Addition,1,0,1
1102132,Meadow Ranch Water System,1,0,1
1102133,Devils Shores Wsc,1,0,1
1102134,Harris County Mud 419,1,0,1
1102135,Harris County Mud 396,1,0,1
1102136,Harris County Mud 156,1,0,1
1102138,Hays County Wcid 2,1,0,1
1102139,La Salle Wcid 1-A,1,0,1
1102140,Valley Ranch Mud 1,1,0,1
1102141,Fort Bend County Wcid 8,2,0,2
1102142,Fort Bend County Mud 5,2,0,2
1102143,Pleasure Point,1,0,1
1102144,Rolling Hills Water Supply,1,0,1
1102146,Loma Linda Water Supply,1,0,1
1102147,Woodland Shores Subdivision,1,0,1
1102148,Hamilton Estates Water System,1,0,1
1102150,Wilbarger Creek Mud 1,1,0,1
1102151,Travis County Mud 2,1,0,1
1102152,Paloma Lake Mud 2,1,0,1
1102153,Paloma Lake Mud 1,1,0,1
1102191,Belle Oaks Water,1,0,1
1102200,Travis County Mud 12,1,0,1
1102346,Leigh Wsc-Rural,1,0,1
1102348,Kelly Lane Wcid 1,1,0,1
1102350,Oak Crest Of Manvel,2,0,2
1102351,Shady Oaks Estates,1,0,1
1102352,Shermans Mill,1,0,1
1102354,Pine Grove Estates Water System,1,0,1
1102355,Cedar Creek Ranch Subdivision,1,0,1
1102356,Copper Hills Water System,1,0,1
1102357,Cardinal Valley Water,1,0,1
1102358,Woodcreek Utility Co 2,1,0,1
1102359,Mountain Crest Water,1,0,1
1102360,Sierra West Subdivision,1,0,1
1102361,Maxim Production Subdivision,1,0,1
1102364,The Retreat Water Supply,1,0,1
1102366,Town Of Millers Cove,1,0,1
1102367,Nigton Wakefield Wsc,1,0,1
1102368,Rockwall Ranch Subdivision,1,0,1
1102369,Espantosa Water Supply,1,0,1
1102370,South Buda Wcid 1,1,0,1
1102371,Gateway Development,1,0,1
1102372,Cinco Southwest Mud 2,1,0,1
1102373,River Ranch,1,0,1
1102374,Cinco Southwest Mud 4,1,0,1
1102375,Cinco Mud 14,1,0,1
1102377,Harris County Mud 397,1,0,1
1102378,Round Rock Ranch Pud Utility Company,1,0,1
1102382,Kaufman County Fwsd 1A,1,0,1
1102383,City Of Knollwood,1,0,1
1102385,Mcgee Place,1,0,1
1102386,Beau View Utilities,1,0,1
1102387,Bell Water,1,0,1
1102388,Green Rich Shores And Sterling Island Su,1,0,1
1102389,Greenbriar Estates,1,0,1
1102390,Shady Acres,1,0,1
1102394,Oak Ridge Water System,1,0,1
1102412,Sienna Mud 4,1,0,1
1102414,Fort Bend County Mud 141,2,0,2
1102417,Castlecomb Water System,1,0,1
1102418,Walraven Subdivision,1,0,1
1102419,Woodland Ranch,1,0,1
1102421,Timberloch Estates,1,0,1
1102422,Stable Gates,1,0,1
1102423,Summer Lake Ranch,1,0,1
1102424,Shadow Grove Estates,1,0,1
1102425,Rosemeadows Iii,1,0,1
1102426,Riverwood Forest,1,0,1
1102427,Palm Crest,1,0,1
1102428,Park Forest Water System,1,0,1
1102429,Oak Manor,1,0,1
1102430,Lakes Of Mission Grove,1,0,1
1102431,Lake Conroe Forest Subdivision,1,0,1
1102432,Indigo Ranch,1,0,1
1102433,Estates Of Legends Ranch,1,0,1
1102434,Estates Of Willow Creek,1,0,1
1102435,Fairway Crossing,1,0,1
1102439,Heron Lakes Estates,1,0,1
1102443,Country Club Greens,1,0,1
1102445,Camilla Twin Harbor,1,0,1
1102446,Alton Theiss Subdivision,1,0,1
1102447,Rolling Forest,1,0,1
1102454,Oak Forest Wsc,2,0,2
1102501,Fulbrook Subdivision Water Plant,1,0,1
1102514,City Of Bridge City Waterwood Estates,1,0,1
1102541,Sellers Estates Mobile Home Comm,1,0,1
1102542,Lil Countryside Wsc,1,0,1
1102543,Green Lake Estates Water Supply,1,0,1
1102544,Shelby Water,1,0,1
1102555,Quail Hollow Mobile Home Park,1,0,1
1102572,East Montana Water System,1,0,1
1102575,Texas State Technical College - Waco,2,0,2
1102579,Cinco Southwest Mud 3 Daycare,1,0,1
1102617,Montgomery County Mud 95,2,0,2
1102626,Texas Landing Utilities Goode City,1,0,1
1102668,Gbra Johnson Ranch Subdivision,1,0,1
1102699,Town Of Annetta,1,0,1
1102708,Sedona Lakes Mud 1,2,0,2
1102730,Decker Oaks,2,0,2
1102796,Harris County Mud 501,1,0,1
1102797,Hunter Place,1,0,1
1102817,Denton County Fwsd 11-A,1,0,1
1102819,Denton County Fwsd 8-A Paloma,1,0,1
1102820,Denton County Fwsd 8B,1,0,1
1102821,Frisco West Wcid,2,0,2
1102822,Town Of Providence Village,1,0,1
1102827,Riviera Mobile Home Park,1,0,1
1102834,Barkaloo Homeowners Association,1,0,1
1102844,Oak Hill Water System,2,0,2
1102845,Murray Hill Water System,2,0,2
1102846,Live Oak Water System,1,0,1
1102847,Lakeshore Water System,1,0,1
1102849,Lakeview Water System,1,0,1
1102874,Town Of Northlake,2,0,2
1102901,Bright Star Salem Sud 2,1,0,1
1102910,Rodell Water Supply,1,0,1
1102911,Windermere Oaks Wsc,1,0,1
1102914,Cypress Ranch Wcid 1,1,0,1
1102925,Bay Place Subdivision,1,0,1
1102980,Sjwtx North Point Subdivision,1,0,1
1103023,Capstone Subdivision,1,0,1
1103049,Greenwood Terrace M H Subdivision,1,0,1
1103053,Water Exploration Stein Roger Well Field,1,0,1
1103099,Fort Bend County Mud 121,1,0,1
1103100,Harris County Mud 290,2,0,2
1103102,Fort Davis Estates,1,0,1
1103127,Lost Lakes,1,0,1
1103158,Shaw Acres,1,0,1
1103174,East Biggs Water System,1,0,1
1103182,Deerhaven Wcid,1,0,1
1103196,Smithfield Premium Genetics,1,0,1
1103266,Tri Try Water,1,0,1
1103272,Seville Wsc,1,0,1
1103274,Vista Hills,1,0,1
1103309,Canyon Lake Mobile Home Estates,1,0,1
1103322,Alto Rural Wsc Central High Plant,1,0,1
1103323,Alto Rural Wsc Coldsprings Plant,1,0,1
1103343,Double Horn Creek Wsc,1,0,1
1103345,Town Of Trophy Club Public Improvement D,1,0,1
1103346,Seven Hills Ranch,1,0,1
1103368,Denton County Fwsd 11-B,1,0,1
1103370,Thousand Oaks Subdivision,1,0,1
1103374,Vista Verde Water Systems,1,0,1
1103378,Stonetown Windfern Oaks,1,0,1
1103396,Crest Water,1,0,1
1103409,4 D Water,1,0,1
1103410,Bethel Ash Wsc Douglas Plant,1,0,1
1103411,Bethel Ash Wsc Hall Plant,1,0,1
1103412,Arrowhead Water System,1,0,1
1103413,Bethel Ash Wsc Hawn Plant,1,0,1
1103414,Bastrop County Mud 1,1,0,1
1103415,Bethel Ash Wsc Lowe Plant,1,0,1
1103416,Bethel Ash Wsc Mcatee Plant,1,0,1
1103417,Bethel Ash Wsc Murphy Plant,1,0,1
1103418,Bethel-Ash Wsc Walton Plant,1,0,1
1103419,Bethel Ash Wsc Water Edge Plant,1,0,1
1103432,The Consolidated Wsc Rural System,1,0,1
1103437,Military Hwy Wsc Progreso,2,0,2
1103438,Military Hwy Wsc Weslaco,1,0,1
1103441,Cerro Alto Water System,1,0,1
1103443,City Of Pearland Mud 1,1,0,1
1103444,Corbello Water System,1,0,1
1103445,Country Hills Water,1,0,1
1103446,Country Lakes Water Supply,1,0,1
1103449,Cypress Valley Wsc Plant 2,1,0,1
1103450,Derby Ing,1,0,1
1103451,East Rio Hondo Wsc Arroyo City,1,0,1
1103455,Fort Bend County Mud 134C,1,0,1
1103456,Fort Bend County Mud 156,1,0,1
1103459,Franklin Water Systems 1,1,0,1
1103460,Franklin Water Systems 3,1,0,1
1103461,G & W Wsc Woodland Lakes Water System,1,0,1
1103462,Goliad County Wsc - Berclair Water Syste,1,0,1
1103463,Goliad County Wsc - La Bahia,1,0,1
1103466,Harmony Water System,1,0,1
1103467,Harris County Mud 282,1,0,1
1103468,Harris Montgomery Counties Mud 386 May V,1,0,1
1103469,Hideaway Bay Lake Shores Wsc,1,0,1
1103470,Hillside Estates Water System,1,0,1
1103471,Hillside Water Works,1,0,1
1103472,Indian Springs Water System,1,0,1
1103474,Johnsons Water Service,1,0,1
1103475,Kaufman County Mud 11,1,0,1
1103476,Kingsland Wsc Comanche Rancherias,1,0,1
1103477,Lago Vista Water System,1,0,1
1103478,Lake Ridge Water System,1,0,1
1103479,Lakeside Estates Water System,1,0,1
1103480,Tri-Lakes Outdoors,1,0,1
1103481,Lakeside Water Supply 2,1,0,1
1103482,Lakeside Water Supply 3,1,0,1
1103483,Lakeside Water Supply 4,1,0,1
1103484,Lakeside Water Supply 5,1,0,1
1103485,Lancaster Mud 1,1,0,1
1103486,Lsr Wsc,1,0,1
1103487,New Wsc,1,0,1
1103489,Northeast Harris County Mud 1 Edgewood V,1,0,1
1103490,Northeast Harris County Mud 1 Sheldon Ri,1,0,1
1103491,Oak Hills Ranch Water,1,0,1
1103492,Old Hwy 90 - N Ridge Water Service,1,0,1
1103493,Old Hwy 90 Water Service,1,0,1
1103494,Old Marbach School Wsc,2,0,2
1103495,Peach Creek Plantation Water System,1,0,1
1103496,Sunny Creek Mhc,1,0,1
1103497,Poe Bracewell Water System,1,0,1
1103499,Reunion Ranch Wcid,1,0,1
1103500,Rio Brazos Water System,1,0,1
1103501,Riviera Wcid,1,0,1
1103502,Rocky Point Water System,1,0,1
1103503,San Jo Utilities,1,0,1
1103504,Seguro Water,1,0,1
1103505,Settlers Crossing Water System,1,0,1
1103506,Settlers Meadows Water System,1,0,1
1103507,Skidmore Wsc,1,0,1
1103509,South Rusk County Wsc Compton Mcknight,1,0,1
1103510,Staff Wsc Flatwood Area,1,0,1
1103512,Staff Wsc Olden Area,2,0,2
1103513,Starrville Wsc,1,0,1
1103517,The Woodlands Water System,1,0,1
1103518,Timber Switch Water Plant,1,0,1
1103519,Timberlake Improvement District,1,0,1
1103522,Vista Ranch Water System,1,0,1
1103526,Bi County Wsc 3,1,0,1
1103527,East Medina County Sud Unit 2,1,0,1
1103528,East Medina County Sud Unit 3,1,0,1
1103529,Goodsprings Wsc Plant C,1,0,1
1103531,Lakewood Water West,1,0,1
1103532,Laneville Wsc Plant 2,1,0,1
1103535,New Prospect Wsc Plant 2 & 3,1,0,1
1103538,Walker County Sud C,1,0,1
1103540,Walker County Sud F,1,0,1
1103541,Polonia Wsc North,1,0,1
1103542,Polonia Wsc South,1,0,1
1103543,Wright City Wsc 2,1,0,1
1103544,Harris County Mud 400 - West,1,0,1
1103550,Holly Springs Wsc West Meter,1,0,1
1103558,Stonetown Royal Coach Trails Mhp,1,0,1
1103588,Fairview Gardens Mhp,1,0,1
1103589,Suburban Mobile Home Park 2,1,0,1
1103598,City Of Pasadena El Cary Estates,1,0,1
1103611,Rusk Rural Wsc Loop 343 Plant,1,0,1
1103641,Fort Bend County Mud 192,1,0,1
1103695,Fort Bend County Mud 194,1,0,1
1103719,Crystal Clear Water Airport,1,0,1
1103784,Wilderness Cove,2,0,2
1103795,Riverbend Water Resources District,1,0,1
1103796,Lamar Improvement District,1,0,1
1103798,Brazoria County Mud 22,1,0,1
1103799,Alford Rentals,1,0,1
1103800,Willow Point Mud,1,0,1
1103801,Metro Water Systems,1,0,1
1103802,Harris County Improvement District 18,1,0,1
1103803,Harris County Mud 494,1,0,1
1103804,Bauer Ranch Subdivision,1,0,1
1103805,Jp And Lp Rentals,1,0,1
1103806,Lake View Mgmt & Development Dist Long C,1,0,1
1103808,Montebello Utility,1,0,1
1103812,Lake Conroe Terrace Water System,1,0,1
1103815,Woodridge Mud,1,0,1
1103816,Highland Terrace Apartments,1,0,1
1103818,Shafter Mine,1,0,1
1103819,Travis County Mud 18,1,0,1
1103820,Halepaska Country Lots,1,0,1
1103822,Wildwood Naturists Resort Water System,1,0,1
1103823,Riverwood Subdivision Water System,1,0,1
1103826,Bentwater On Lake Granbury,1,0,1
1103831,Cedar Creek Water System,1,0,1
1103834,Coles Crossing,1,0,1
1103835,Colony Trails Subdivision,1,0,1
1103836,Conroe Resort,1,0,1
1103837,Crowley Ii Acre Subdivision,1,0,1
1103840,Elm Ridge Wcid,1,0,1
1103845,Fannin Community,1,0,1
1103847,La Ventana Water Supply System,1,0,1
1103849,Lakewood On Lake Conroe Poa,1,0,1
1103850,Lindsay Pure Water Co South Ridge,1,0,1
1103852,Lone Pine Subdivision,1,0,1
1103853,Macbee Sud Jackson,1,0,1
1103855,Meadowview Estates,1,0,1
1103856,Meadowview Estates Ii,1,0,1
1103857,Medina Valley Water Supply Co,1,0,1
1103862,Paloma Acres Subdivision,1,0,1
1103868,Remington Place,1,0,1
1103872,Savannah Plantation Subdivision,1,0,1
1103873,Settlers Estates Sec Ii,1,0,1
1103875,Southern Crossing Water System Phase 2,1,0,1
1103877,Stoneridge Lake Subdivision,1,0,1
1103878,Texaba Subdivision,1,0,1
1103879,Texas Country Water,1,0,1
1103882,Town Of Lakewood Village,2,0,2
1103884,Travis County Mud 11,2,0,2
1103890,Woodland Oaks Subdivision,1,0,1
1103934,The Colony Mud 1E,1,0,1
1103944,Deer Run And White Rock City Marina,1,0,1
1103976,Holiday Harbor Subdivision,1,0,1
1103980,Brazoria County Mud 39,2,0,2
1104007,City Of San Diego Glossbrenner Unit,1,0,1
1104044,Harris County Mud 502,1,0,1
1104048,Harris County Mud 531,1,0,1
1104060,Wilbarger Creek Mud 2,1,0,1
1104073,Harris County Wcid 161,1,0,1
1104079,Denton County Fwsd 11-C,1,0,1
1104084,Harris County Mud 504,1,0,1
1104088,East Montgomery County Mud 6,1,0,1
1104100,Kelly Lane Wcid 2,1,0,1
1104108,Landing At Hickory Ridge,1,0,1
1104120,Lake Livingston Oakridge North,1,0,1
1104121,Travis County Mud 13,1,0,1
1104122,Lakeside Wcid 2-C,1,0,1
1104123,Lakeside Wcid 2-B,1,0,1
1104128,Montgomery County Mud 127,1,0,1
1104129,Kaufman County Mud 14,1,0,1
1104130,Montgomery County Mud 141,1,0,1
1104131,Harris County Mud 537,1,0,1
1104132,Lakeside Wcid 1,1,0,1
1104133,Lakeside Wcid 2-A,1,0,1
1104134,Lakeside Wcid 2-D,1,0,1
1104216,Country Paradise Mobile Home & Rv Park,1,0,1
1104218,Bernhard Trailer Park,1,0,1
1104220,Bethel Ash Wsc Ott Plant,1,0,1
1104221,Ranch Hand Apartments,1,0,1
1104304,Fort Bend County Mud 132,1,0,1
1104349,Mid-Tex Utilities,1,0,1
1104352,Huffman Hollow Apartments,1,0,1
1104363,Equestrian Estates,1,0,1
1104372,University Of Texas At Dallas,3,0,3
1104468,Heritage Ministries,1,0,1
1104469,Military Hwy Wsc Las Rusias,3,0,3
1104470,Lazy Nine Mud,1,0,1
1104471,Lazy Nine Mud 1B,1,0,1
1104472,Brazos Regional Pua Surface Water Advanc,1,0,1
1104474,Chanticor Series,1,0,1
1104475,North Lake Estates,1,0,1
1104478,Frontier Water,1,0,1
1104481,Magnolia Reserve Water Plant,1,0,1
1104482,North Park Mobile Home Park,1,0,1
1104483,Saddle Mountain Water Cooperative,1,0,1
1104487,Coushatte Campground,1,0,1
1104488,Cielo Rio Ranch Water System,1,0,1
1104489,Bridlegate Subdivision,1,0,1
1104490,Latigo Ranch Subdivision,1,0,1
1104492,River Oaks Trailer Park,1,0,1
1104497,Jbsa - Medina,1,0,1
1104498,Oliver Ranch,1,0,1
1104500,Stonegate Subdivision Water System,1,0,1
1104504,Shady Oaks Mhp,1,0,1
1104505,Lincecum Water Powers Addition,1,0,1
1104507,Creekside Mhc,1,0,1
1104509,Mallard Lake Club,1,0,1
1104510,Bayou Colony Subdivision,1,0,1
1104511,Country Oaks Arbor Mhp,1,0,1
1104513,Autumn Shadows Mobile Home Park,1,0,1
1104515,Twin Lakes Club,1,0,1
1104517,Oak Meadows Estates Subdivision,1,0,1
1104518,South Hatfield Trailer Court,1,0,1
1104519,Brazoria County Mud 55,2,0,2
1104520,Kucera Farms Subdivision,1,0,1
1104522,Country Crossroads Mhp,1,0,1
1104525,Brown County Wid 1,1,0,1
1104526,Little Oak Forest Subdivision,1,0,1
1104530,Summit Springs,1,0,1
1104531,Gbra Luling Plant,1,0,1
1104535,Oaks At Houston Point,1,0,1
1104536,Mcwhorters Live Oak Lodge,1,0,1
1104537,Lazy River Mobile Home Park,1,0,1
1104539,Texas 281 Rv Park,1,0,1
1104540,Dallas County Park Cities Mud,2,0,2
1104542,Woodhaven Mhc,1,0,1
1104545,Lakeview Water Coop,1,0,1
1104547,Beach And Tennis Club Hoa,1,0,1
1104548,Blue Bonnet Youth Ranch,1,0,1
1104550,Coming Of Christ Full Gospel Church,1,0,1
1104551,San Isidro Mhp,1,0,1
1104554,Bunkhouse Water System,1,0,1
1104555,3D Bunkhouse Pws,1,0,1
1104556,North Texas Mwd - Bonham Wtp,1,0,1
1104558,Goldenrod Wsc,1,0,1
1104560,Tejas Lakes Subdivision,1,0,1
1104561,Crystal Lake Estates,1,0,1
1104562,Fort Bend County Mud 134B,1,0,1
1104563,Fort Bend County Mud 206 Victorian Garde,2,0,2
1104564,Fulshear Mud 3A,1,0,1
1104565,Windsong Park,1,0,1
1104568,Royal Oaks Apartments,1,0,1
1104570,Munson Point Property Owners Association,1,0,1
1104571,Rock Creek Resort,2,0,2
1104572,Ej Water Company,1,0,1
1104573,Highway 90 Estates,1,0,1
1104574,Shady Oaks Mhp,1,0,1
1104575,Grand Castle Estates,1,0,1
1104578,White Oak Manor Mobile Home Park,1,0,1
1104580,Greens Road Mobile Home Community,1,0,1
1104581,El Dorado Mobile Home Community,1,0,1
1104582,Apache Mobile Home Park,1,0,1
1104584,Westfield Meadows,1,0,1
1104585,Cypress Village Trailer & Rv Park,1,0,1
1104586,Wheat Meadow Mobile Home Park Section Ii,1,0,1
1104587,Canal Terrace Subdivision,1,0,1
1104588,Aldine Oaks Mhp,1,0,1
1104590,Country Road Park,1,0,1
1104591,Balaban Apartments 1,1,0,1
1104592,Bluebonnet Mobile Home Park,1,0,1
1104593,Lake Houston Storage,1,0,1
1104594,Melrose Mhp,1,0,1
1104595,Woodloch Mhp,1,0,1
1104596,Elizondo Rv Park,1,0,1
1104597,North Point Villa,1,0,1
1104598,Highland Meadows Mobile Home Park,1,0,1
1104599,Balaban Apartments 2,1,0,1
1104600,Cypresswood Mhp,1,0,1
1104601,Fairview Mobile Home Community,1,0,1
1104603,Country Living Apartments,1,0,1
1104604,O Aces Mhp,1,0,1
1104605,City Of Houston District 73,1,0,1
1104608,Country Living Mobile Home Park,1,0,1
1104611,Sralla Mobile Home Park,1,0,1
1104613,Mount Houston Square,1,0,1
1104614,Timbercrest Village,1,0,1
1104615,Sunset Mobile Home Park 1,1,0,1
1104617,R&K Weiman Mhp,1,0,1
1104618,Miller Mhp,1,0,1
1104621,Greenland Square Subdivision Ws,1,0,1
1104622,Twin Oaks Mhp Harris,1,0,1
1104623,Sugarberry Place,1,0,1
1104627,Liberty Greenline,1,0,1
1104628,Brushy Bend Park,1,0,1
1104629,Straightway Training Center,1,0,1
1104630,Village Estates Mobile Home Park,1,0,1
1104632,Kickapoo Preserve Subdivision,1,0,1
1104633,Lincoln Square Subdivision Pws,1,0,1
1104638,Cornerstone Mobile Home Community,1,0,1
1104639,Cedar Creek Forest Mobile Home Community,1,0,1
1104641,Tidwell Forest New Subdivision,1,0,1
1104642,Lazy Acres Mobile Home Park,1,0,1
1104644,Granger Subdivision,1,0,1
1104645,Riverton Ranch,1,0,1
1104649,Harris County Mud 457,1,0,1
1104650,Clearwater Distribution,1,0,1
1104651,Southford Mobile Home Park,1,0,1
1104653,Bft Family Trailer Park,1,0,1
1104654,Willow River Farms,1,0,1
1104655,Gulf Coast Trades Center,1,0,1
1104659,Texas Grand Ranch,1,0,1
1104660,Blue Agave Mobile Home Park,1,0,1
1104661,Devereux Foundation,1,0,1
1104662,Gbra Ih-35 Transmission Main,1,0,1
1104663,Headwaters At Barton Creek,1,0,1
1104665,Holiday Trav L Park,1,0,1
1104667,American Camp Ground,1,0,1
1104668,Whitney Resorts,1,0,1
1104669,Rough Canyon Condos,1,0,1
1104672,International Alert Academy,3,0,3
1104673,Tri County Point Water System 3,1,0,1
1104674,Windmill Mobile Home Estates,1,0,1
1104675,Highway 71 Storage & Mhp,1,0,1
1104676,Forest Oaks Village,1,0,1
1104677,Browns Pool And Park,1,0,1
1104678,Tri County Point Water System 4,1,0,1
1104682,Fred Mitchell Mhp,1,0,1
1104683,Waring Knoll Subdivision,1,0,1
1104684,Hermann Sons Home,1,0,1
1104685,Mo-Ranch Presbyterian Assembly,1,0,1
1104686,Triple T Rv Resort,1,0,1
1104687,Eagle Mountain Rv Park,1,0,1
1104688,Lakeside Village,1,0,1
1104689,Cleveland Mh And Rv Park,1,0,1
1104691,Riverwood Estates,2,0,2
1104692,Chart House Condominium,1,0,1
1104693,Rancho San Vicente,1,0,1
1104694,Grand San Jacinto Water System,1,0,1
1104695,Hhsc Mexia State Supported Living Center,1,0,1
1104696,Lake Front Buchanan,1,0,1
1104697,Family Community Center Mhp,1,0,1
1104701,Texas Boys Ranch,1,0,1
1104702,Happy Hill Farm Academy,2,0,2
1104706,Christian Life Center,1,0,1
1104707,West Roosevelt Mobile Home Park,1,0,1
1104710,Heartland House,1,0,1
1104712,Waypoint Landing,1,0,1
1104713,West View Subdivision,1,0,1
1104714,Coldwater Dairy,1,0,1
1104716,Cherokee Home For Children,1,0,1
1104717,Post Oak,1,0,1
1104718,The Ridge At Frio River Water System,1,0,1
1104719,Crown Mountain Wsc,1,0,1
1104723,Sugar Pines Mhp,1,0,1
1104724,Sunrise East Apartments,1,0,1
1104726,Oak Acres Mobile Home Park,1,0,1
1104727,Clayton Wsc Plant 2,2,0,2
1104728,Clayton Wsc Plant 3 And 7,1,0,1
1104730,Midway Homes,1,0,1
1104731,Highland Court,1,0,1
1104732,Highland Meadows,1,0,1
1104739,Magnolia Rv Park,1,0,1
1104741,Lake Livingston Pineshadows East,1,0,1
1104742,Cherry Ave Mobile Home Park,1,0,1
1104743,Northview Mobile Home Park,1,0,1
1104747,Westgate Manufactured Townhome Community,1,0,1
1104748,Spring Meadow Mobile Home Park,1,0,1
1104749,Country Village Mobile Home Estates,1,0,1
1104750,Midland County Fwsd 1,1,0,1
1104753,New Horizons Ranch & Center,2,0,2
1104754,Elm Grove Village,1,0,1
1104756,Sunset Water,1,0,1
1104757,Loch Ness Cove Subdivision Water System,1,0,1
1104759,Lakeview Pointe Apartments,1,0,1
1104760,Wood Acres Mhp,1,0,1
1104761,Settlers Crossing,1,0,1
1104763,Big Oaks Ranchette Subdivision,1,0,1
1104764,Pine Knob Subdivision,1,0,1
1104766,Falls Of Wildwood,1,0,1
1104767,Magnolia Country Rv Park,1,0,1
1104768,Is Zen Center Lotus Lake,1,0,1
1104769,Emerald Lakes Subdivision,1,0,1
1104770,Rio Vista Subdivision,1,0,1
1104771,Blaketree Mud 1,1,0,1
1104772,New Danville Community,1,0,1
1104773,Montgomery County Mud 139,1,0,1
1104774,Holly Oaks Mobile Home Park,1,0,1
1104775,Montgomery County Mud 96,1,0,1
1104776,Montgomery County Mud 137,1,0,1
1104777,Forest Trace,1,0,1
1104778,Country Oaks Mobile Home Park,1,0,1
1104843,East Montgomery County Mud 7,1,0,1
1104898,Fort Bend County Mud 184,1,0,1
1104946,Happy Oaks,1,0,1
1105003,Frio Canon Water,1,0,1
1105006,American Legion Mia Post 231,1,0,1
1105007,Villas Of Willowbrook,1,0,1
1105008,Harris County Mud 489,1,0,1
1105009,Harris County Mud 422,1,0,1
1105010,Prochnow Country Homes,1,0,1
1105011,Solar Village Hoa,1,0,1
1105012,Fall Branch Estates,1,0,1
1105014,Settlers Crossing Water System 2,1,0,1
1105018,Beacon Bay Marina And Rv Park,1,0,1
1105019,Water System,1,0,1
1105021,West Park Addition,1,0,1
1105033,Brazoria County Mud 32,2,0,2
1105102,Harris County Mud 423,1,0,1
1105120,Emerald Estates,1,0,1
1105122,Chipper Point Apartments,1,0,1
1105123,Stay A While Rv Park,1,0,1
1105126,Seaport Lakes Subdivision,1,0,1
1105147,Harris County Mud 551,1,0,1
1105375,Shady Meadows Mobile Home Park,1,0,1
1105376,Encino Estates,1,0,1
1105377,A & S Water Services,1,0,1
1105378,Chisholm Trail Mobile Home Park,1,0,1
1105379,Rolling Fork Rv & Mobile Home Park,1,0,1
1105380,Fort Bend County Mud 213,1,0,1
1105424,Freeman Ranch,1,0,1
1105498,Fort Bend County Mud 190,2,0,2
1105499,Sako Properties,1,0,1
1105502,Summit Ridge,1,0,1
1105505,Lakehouse Water Plant,1,0,1
1105681,Lone Oak Cabins,1,0,1
1105682,Fort Bend County Mud 220,1,0,1
1105683,Vineyard Ridge Water Supply,1,0,1
1105684,Meazell Mhp,1,0,1
1105685,The Haciendas At Christoval Ranch,1,0,1
1106091,Knox County Rural Sud,2,0,2
1106111,Harris County Mud 538,1,0,1
1106112,Harris County Mud 558,1,0,1
1106152,Fort Bend County Mud 218,1,0,1
1106267,Montgomery County Mud 111,1,0,1
1106268,Montgomery County Mud 164,2,0,2
1106270,Orchards On The Brazos,1,0,1
1106272,Lakeside Mud 3,1,0,1
1106273,Waller County Road Improvement Dist 1,1,0,1
1106275,Bethel Ash Wsc Lake Plant,1,0,1
1106276,Harris County Mud 213-A,1,0,1
1106277,Advanced Rv Park,1,0,1
1106279,Pecan Grove Mobile Home Park,1,0,1
1106280,Vacek Country Meadows,1,0,1
1106281,Fort Bend County Mud 189,1,0,1
1106282,Riverbend Rv Park And Resort,1,0,1
1106283,Ellis County Fwsd 1,1,0,1
1106284,Cardon Loop,1,0,1
1106287,Brazoria County Mud 24,1,0,1
1106290,The Colony Mud 1A,1,0,1
1106312,Brazoria - Fort Bend Counties Mud 3,2,0,2
1106421,Woodcreek Subdivision Sec Ii,1,0,1
1106463,The Houston Oaks Golf And Country Club,1,0,1
1106464,Montgomery County Mud 166,1,0,1
1106465,Capri Isle Water Plant,1,0,1
1106466,East Montgomery County Mud 12,1,0,1
1106468,Mill Creek,1,0,1
1106470,Harris County Mud 565,1,0,1
1106471,Telge Jarvis Water Plant,1,0,1
1106472,Tejas Trails Subdivision,1,0,1
1106473,Sienna Mud 6,1,0,1
1106474,Patton Springs Isd,1,0,1
1106479,Camino Real,1,0,1
1106480,Deer Trail Water District,1,0,1
1106481,Audubon Mud 1,1,0,1
1106515,Charleston Mud,2,0,2
1106568,East Montgomery County Mud 4,1,0,1
1106594,Texins Lake Texoma Club,1,0,1
1106685,Monterrey Oaks,1,0,1
1106686,Lakewood Trails,1,0,1
1106687,Kaufman County Mud 10,1,0,1
1106689,Harris County Mud 490,1,0,1
1106690,Willowbreeze Farm Subdivision,1,0,1
1106691,Harris-Waller Counties Mud 5,1,0,1
1106696,Olympia Falls Water Plant,1,0,1
1106698,Montgomery County Mud 145,1,0,1
1106699,Montgomery County Mud 140,2,0,2
1106700,Harris County Mud 540,1,0,1
1106701,Harris County Mud 534,1,0,1
1106702,Montgomery County Mud 186,1,0,1
1106703,Rolling V Ranch Wcid 3 Of Wise County,1,0,1
1106704,Riverfront Rv Park,1,0,1
1106705,Ranch Hill,1,0,1
1106709,Flagstone Water Plant,1,0,1
1106712,Rosehill Meadow Water Plant,1,0,1
1106713,Katy Hockley Regional Water Plant,1,0,1
1106715,Waverly Acres Water System,1,0,1
1106716,Kaufman County Fwsd 4A,1,0,1
36100,Asarco Llc-Amarillo Copper Refinery,2,0,2
72050,Georgia Pacific Gypsum Llc,1,0,1
511600,U S Steel Tubular Products Inc,1,0,1
811401,Southwestern Electric Power Company-Welsh Power Plant,2,0,2
811425,Southwestern Electric Power Company-Swepco Pirkey Power Plant,2,0,2
811450,Southwestern Electric Power Company-Wilkes Power Plant,1,0,1
20750,Total Petrochemicals & Refining Usa Inc Port Arthur Plant,2,0,2
74700,Air Liquide America Corporation-Large Industries Uslp,1,0,1
242800,Jefferson Terminal South Llc,2,0,2
332620,Goodyear Tire & Rubber Company-Beaumont Chemical Plant,2,0,2
346460,The Premcor Refining Group Inc-Port Arthur Refinery,2,0,2
573520,Exxon Mobil Corporation-Beaumont Refinery,2,0,2
573561,Exxon Mobil Corporation-Beaumont Chemical Plant,2,0,2
573563,Exxon Mobil Corporation-Beaumont Polyethylene Plant,2,0,2
623590,Chemtrade Refinery Services Inc,2,0,2
656302,Arkema Inc-Fine Chemicals Group,2,0,2
831300,Sunoco Partners Marketing & Terminals Lp-Energy Transfer Nederland Terminal,2,0,2
847575,Indorama Ventures Oxides Llc-Port Neches Operations,2,0,2
850400,Motiva Enterprises Llc-Port Arthur Refinery,2,0,2
886540,Linde Inc.-Groves Plant,1,0,1
886760,Phillips 66 Pipeline Llc-Beaumont Terminal,2,0,2
900800,Basf Corporation-Beaumont Plant,2,0,2
1103369,Basf Corporation-Port Arthur Plant,2,0,2
1103560,Texas Petrochemical - Jefferson,2,0,2
1104954,Natgasoline Llc,2,0,2
1106342,Energy Transfer Partners,1,0,1
318601,Garland Power & Light-Ray Olinger Steam Elect Plant,2,0,2
13686,Rtp Company - Latexo,1,0,1
330479,Golden Peanut Company-Comyn,1,0,1
1104958,Dfg Energy Company,1,0,1
237200,Dow Chemical Company-Freeport-Texas Operations,1,0,1
824080,S F  Sulfur Corporation,1,0,1
1104189,Golden Spread Electric Cooperative Inc-Antelope-Elk Station,1,0,1
7250,Cargill Animal Nutrition,1,0,1
51120,Bridgestone Bandag Inc,1,0,1
283390,Featherlite Building Products-Abilene Plant,1,0,1
283650,Abimar Foods Inc,1,0,1
419364,Ingram Concrete Llc-Abilene Plant,1,0,1
539902,Martin Sprocket & Gear Inc-Martin Sprocket And Gear,1,0,1
849603,Coca-Cola Southwest Beverages-Abilene Plant,1,0,1
1100107,Cintas Corp - 439 Abilene,1,0,1
1101201,Other Manufacturing Jones County,1,0,1
1102966,Pactiv Llc-Abilene Plant,1,0,1
1104903,Texas Healthcare Linen,1,0,1
10843,Airborn Inc-Addison Plant,1,0,1
685931,Plastech Corporation,1,0,1
1106088,Klein Products,1,0,1
683003,Photronics Texas Ii Lp,1,0,1
1101693,Cisco,2,0,2
1106516,Reaction Technology Epi Allen,1,0,1
1106517,At&T Services Allen Site,1,0,1
1106518,Phoenix Infrastructure Llc Allen,1,0,1
386011,Hicks Leo Creosoting Company Inc,1,0,1
9952,"Affiliated Foods, Inc.-Main Facility",1,0,1
11501,Elementis Ltp Inc,1,0,1
18450,Amarillo Gear Company,1,0,1
183866,Eaton Crouse-Hinds Llc,1,0,1
272670,Excel Machinery Ltd,1,0,1
330485,Ingram Concrete Llc-Amarillo Plant,1,0,1
422225,Tyson Fresh Meats Inc-Amarillo Processing Plant,1,0,1
552908,International Paper Company-Amarillo Facility,1,0,1
632546,Owens Corning-Amarillo Plant,1,0,1
683900,"Affiliated Foods, Inc.-Plains Dairy Products",1,0,1
816300,Xcel Energy-Harrington Station,1,0,1
816400,Xcel Energy-Nichols Station,1,0,1
894750,Valley Proteins Inc-Potter Plant,1,0,1
931400,K&S Parritt Llc-Animal Livestock Auction,1,0,1
1100467,Tdcj Neal Unit,1,0,1
1107015,The Colonies At,1,0,1
1107016,Quick Quack,1,0,1
1107017,Panhandle Pure,1,0,1
1107018,Mres Rock Island,1,0,1
1107019,Potter County,1,0,1
1107020,B H & M,1,0,1
1107021,Southgate,1,0,1
1107022,Bivins Memorial,1,0,1
467450,Kirby West,1,0,1
1104462,Stella-Jones,1,0,1
256645,Benchmark Electronics Inc,1,0,1
8485,Acme Brick Company-Elgin Plant 2 Well,1,0,1
517650,Lower Colorado River Authority-Sim Gideon Power Plant,1,0,1
861260,Darling Ingredients - Bastrop Site,1,0,1
866565,Meridian Brick-Elgin Plant,1,0,1
1102919,Bastrop Energy Partners Lp,1,0,1
1103337,Luminant Mining Company Llc-Three Oaks Mine,1,0,1
1104186,Lower Colorado River Authority-Lost Pines 1 Power Project,1,0,1
854202,Texas Parks & Wildlife Department-Goose Island State Recreation Area,2,0,2
10927,Gulf Marine Fabricators-Ingleside Plant,1,0,1
346430,Bay Ltd - Aransas Pass Plant,1,0,1
1104985,Hzecho Bulk,1,0,1
944448,Wichita Tank Manufacturing Inc,2,0,2
33735,Lyondell Chemical Company-Sheldon Road Plant (Lyondell Chemical Company),3,0,3
1103072,River Terrace Golf Associates,1,0,1
1104201,Channelview Cogeneration Plant,1,0,1
185600,Corral City Mhp,1,0,1
64052,Bell Textron Plant 6,1,0,1
234200,Doskocil Manufacturing D.B.A. Petmate-Unspecified System/Facility,1,0,1
274905,Argos Usa Llc-Arlington Plant 117,1,0,1
308060,Frito Lay Inc-Arlington Plant,1,0,1
320990,General Motors Truck Group,1,0,1
419275,Indian Rubber Company Inc,1,0,1
421407,Pratt & Whitney-Arlington Plant,1,0,1
539900,Martin Sprocket & Gear Incorporated-Arlington Division,1,0,1
656510,Pepsi Cola Bottling Company-Arlington Plant,2,0,2
688886,Polymer Products Inc,1,0,1
1101738,Carry Transit,1,0,1
1104904,Saddle Operating Llc,1,0,1
1105144,Mowi Usa,1,0,1
1105506,H Mitchell Enterprises Inc-Mansfield Plant,1,0,1
1106368,Six Flags Over Texas,1,0,1
1106369,Water & Power Technologies Llc,1,0,1
1106490,Marine Harvest Usa Llc,1,0,1
1106491,"Suez Wts Services Usa, Inc",1,0,1
1106498,Ricca Chemical,1,0,1
1106500,Texstar Inc,1,0,1
1106766,Usmd Hospital At Arlington,1,0,1
1102690,Oil Field Services,1,0,1
33850,Argon Medical Devices Inc,1,0,1
38400,Meridian Brick-Athens Plant,1,0,1
312130,The D S Brown Company,1,0,1
575380,Chromascape,1,0,1
9826,Spansion Llc,1,0,1
31432,Applied Materials Inc,1,0,1
35862,Commemorative Brands Inc.-Commemorative Brands Inc,1,0,1
41027,City Of Austin-Decker Creek Power Station,1,0,1
41040,Austin American Statesman,1,0,1
249950,L  East Poultry Company,1,0,1
383480,Ltd Material Llc,1,0,1
580552,"Nxp Usa, Inc.-Ed Bluestein Blvd Facility",1,0,1
580553,Nxp Usa Inc.-Oak Hill Fab,1,0,1
595083,National Instruments Corporation,1,0,1
764155,Samsung Austin Semiconductor Llc,1,0,1
807656,Reddy Ice Ltd-Springdale Road Facility,1,0,1
811380,Sachem Inc-Austin Plant,1,0,1
871254,Bae Systems Austin,1,0,1
872200,Thermo Fisher Llc,1,0,1
1101880,City Of Austin-Sand Hill Power Plant,1,0,1
1102641,Morningside Subdivision,1,0,1
1103232,Skorpios Technologies Inc,1,0,1
1103364,Borden Dairy Company Of Texas,1,0,1
1103965,Mid-Tex Utilities - Avana Subdivision,1,0,1
1104141,University Of Texas - Austin Main Campus Power Plants,1,0,1
1104160,Austin Energy-Robert Mueller Energy Center,1,0,1
148021,Harsco/Clean Earth-Chemical Reclamation Services Llc,1,0,1
1104780,Taylor Monument,1,0,1
215525,Primo Smokehouse & Kitchen Llc,1,0,1
419353,Ingram Concrete Llc-Ballinger Plant,1,0,1
218453,Deer Run Water System,1,0,1
1106563,Dennis Sanchez,1,0,1
1106564,Darby Services,1,0,1
421500,Sid Richardson Carbon  & Energy Company-Mi Vida Plant,1,0,1
97910,Briarwood Retreat Center,1,0,1
1106106,"Dunn Heat Exchangers, Inc",1,0,1
1106107,Tenaris Bay City Inc,1,0,1
148002,Monument Chemical Baytown Llc,1,0,1
275050,Exxon Mobil Corporation-Baytown Complex,2,0,2
346500,Chevron Phillips Chemical Company Lp-Cedar Bayou Olefin Plant,1,0,1
398518,Cemex Construction Materials Houston Llc-Baytown Plant,1,0,1
418740,The International Group Inc,1,0,1
573350,Covestro Llc-Baytown Plant,2,0,2
1102549,Chambers County Improvement District 1,1,0,1
1103906,Calpine Corp-Baytown Energy Center,2,0,2
1104277,Chambers County Improvement District 3,1,0,1
1104371,Chambers County Improvement District #2,1,0,1
1104450,Lcy Elastomers Lp,2,0,2
20550,American Valve & Hydrant,1,0,1
60323,Beaumont Enterprise Company,1,0,1
60324,Beaumont Rice Mills Inc,1,0,1
72163,"Veolia Wts Usa, Inc-Water Technologies & Solutions",1,0,1
133652,Wire Mesh Corporation,1,0,1
274803,Ohmstede Ltd-Beaumont Plant,1,0,1
280815,Flowserve Corporation-Beaumont Plant,1,0,1
379300,Helena Laboratories-Main Plant,1,0,1
806812,Commercial Metals Company-Beaumont Plant,1,0,1
1100457,Tdcj Jefferson County Correctional Facility,1,0,1
1101193,Other Manufacturing Jefferson County,1,0,1
1101704,Martin Corp Environmental-Martin Operating Partnership-Neches,1,0,1
1101742,Federal Prison,1,0,1
1103185,Ge Betz Inc Jefferson County,1,0,1
1106243,Martin Corp Environmental-Martin Operating-Stanolind #10 Sulfur Plant Rd,1,0,1
1102509,Wilbur Ellis,1,0,1
1103575,Aquasource Water Suppy,1,0,1
1103576,Southwest Water Supply,1,0,1
1106087,Golden State Foods Liquid Products Division-Burleson Facility,1,0,1
380650,Henderson Manufacturing Company,1,0,1
1104005,La Fama Foods,1,0,1
1104006,Pilgrim Pride Flash Freezer,1,0,1
876609,Jp Energy Caddo Llc-Caddo Mills Terminal,1,0,1
186600,Alon Usa,1,0,1
1102638,Ingram Concrete Llc-Big Spring Concrete Plant,1,0,1
1106450,Federal Prison- Howard,1,0,1
1106451,City Of Big Spring Wtp,1,0,1
1106530,Howard Co Water Control,1,0,1
1106753,Scenic Mountain Medical Center,1,0,1
1106754,"Bent Tree 360, Llc",1,0,1
564000,Mexia State School,1,0,1
1103306,Posada,1,0,1
1104359,Cal-Maine Foods-Red River Facility,1,0,1
1105415,Denton Sand & Gravel,1,0,1
570250,Milts Sea Food Plant Inc,1,0,1
1102611,South Bound Water Supply,1,0,1
87205,Preferred Beef Group,1,0,1
88850,Borger Redi Mix Concrete Company Inc,1,0,1
130755,Nutrien Us Llc,1,0,1
399300,"Orion Engineered Carbons, Llc-Borger Plant",1,0,1
681860,Tokai Carbon Cb Ltd-Borger Plant,1,0,1
682250,Phillips 66 Company-Borger Refinery Ref,1,0,1
1105036,Ingram Concrete Llc-Borger  Plant,1,0,1
1106296,Tokai Carbon Cb Ltd- Borger Texas,1,0,1
96250,Ingram Concrete Llc-Breckenridge Plant,1,0,1
244300,R E  Dye Manufacturing Corporation,1,0,1
1100599,High Mesa Water Co,1,0,1
1103026,Jonell,1,0,1
1103027,Bridgeport Manufacturing,1,0,1
1106337,Rgn Manufacturing,1,0,1
81910,Blue Bell Creameries Lp-South Horton Plant,1,0,1
221251,Del Sol Food Company Inc-Brenham Plant,1,0,1
362316,Hdl Research Lab Inc,1,0,1
683006,Emerson Pic,1,0,1
709607,Questspecialty Corporation,1,0,1
852557,Fxi Inc,1,0,1
896310,Valmont Inc,1,0,1
915950,R R Donnelley,1,0,1
572998,Devon Energy Corporation-Wise Plant,1,0,1
635900,Grundfos Cbs Inc,1,0,1
778766,Scot Industries Inc-Brookshire Plant,1,0,1
136520,Ingram Concrete Llc-Brownfield Plant,1,0,1
886870,Union Hill Wsc,1,0,1
100410,Brownsville Public Utility Board-Silas Ray Plant,1,0,1
595060,National Electric Coil,1,0,1
727500,Rich Sea Pak Corporation,1,0,1
872830,Trico Products Corporation,1,0,1
1104102,Brownsville Navigation  District,1,0,1
899705,Alamo Concrete Products Co-Brownsville Ready Mix Plant,1,0,1
1101751,Keppel Amfels,1,0,1
100675,Ingram Concrete Llc-Brownwood Plant,1,0,1
238700,Dr Pepper Bottling Company-C T & C L  Lockwood,1,0,1
468425,Kohler Company,1,0,1
571650,Minnesota Mining & Manufacturing Company,1,0,1
834405,Superior Essex International Lp,1,0,1
921640,Webb Cisd,1,0,1
11675,Alenco Windows Inc,1,0,1
552550,Mid South Baking Company,1,0,1
1101975,"Texas Steel Conversion, Inc.-Texas Steel Conversion",1,0,1
1101976,Saint Gobain Norpro,1,0,1
1102803,Honeywell Specialty Materials,1,0,1
1104270,Toyo Ink,1,0,1
1104271,Axis Pipe & Tube-Bryan Site,1,0,1
845073,Aero Marine Engineering Inc,1,0,1
604240,Night Hawk Frozen Foods Inc,1,0,1
1105562,"Alleyton Resource Company, Llc-Hays Quarry",1,0,1
526650,Univar Solutions Usa Inc-Ssc Branch,1,0,1
745400,Ross Lumber Ltd,1,0,1
152970,Nov Fgs Burkburnett,1,0,1
1103722,Ingram Concrete Llc-Burkburnett Plant,1,0,1
864400,Thomas Conveyor-Burleson Plant,1,0,1
1102784,Bcr Water,1,0,1
1102799,Tpwt,1,0,1
1102281,Benvanue Water System,1,0,1
672500,Iacx Rockcreek-Etter Gas Booster Gpbr,1,0,1
837876,Jbs Swift & Company,1,0,1
854185,Texas Pack Inc,1,0,1
740750,National Oilwell Varco-Rolligon (Carlos Plant),2,0,2
1106649,Atlas,1,0,1
1106650,Peak,1,0,1
9845,Aer Manufacturing Inc,1,0,1
133655,Wmc Industrial-Carrollton Wire,1,0,1
329600,Ppg Architectural Coatings,2,0,2
420990,International Paper Company-Carrollton Plant,1,0,1
559750,Treehouse Foods Inc-Ralcorp Frozen Bakery Products,1,0,1
629800,Halliburton Energy Services-Carrollton Plant,1,0,1
802538,Smith Systems Manufacturing Company,1,0,1
805600,Sonoco Products Corporation,1,0,1
820667,Ssdc Inc - Century Products,1,0,1
905250,Omega Plastics,1,0,1
930630,Western Extrusions Corporation,1,0,1
1103959,Rudy'S Tortillas,1,0,1
1104231,United Laboratories,1,0,1
1106487,International Paper Company-Beltline Rd,1,0,1
146501,Dcp Midstream-East Texas Plant,1,0,1
888800,Gulf South Pipeline Company Lp-Carthage Compressor Station,1,0,1
896395,Tyson Foods Inc-Carthage Poultry Plant,1,0,1
1104464,Louisiana Pacific Corporation-Louisiana Pacific - Carthage Osb Plant,1,0,1
1106575,Clayton Wsc,1,0,1
179397,Forterra Pipe & Precast Llc-Cedar Hill Plant,1,0,1
184440,Coreslab Structures (Texas) Inc,1,0,1
256628,Ets Lindgren Lp,1,0,1
538425,National Oilwell Varco-Williamson County,1,0,1
861240,Featherlite Texas Quarries Divison,1,0,1
1101607,Other Manufacturing Williamson County,1,0,1
1101608,Other Mining Williamson County,1,0,1
1105670,M E Ruby Jr Inc-Crushed Stone Plant,1,0,1
143575,Center Fixture Operations,1,0,1
341922,Pilgrim Pride Industries Inc-Center Hatchery Site,1,0,1
392475,Tyson Foods Inc-Center Plant,1,0,1
176350,Trane Company,1,0,1
918640,Warren Laboratories Llc,1,0,1
1101616,Other Mining Wise County,1,0,1
148024,Lhoist North America Inc-Clifton Plant,1,0,1
130705,Severn Trent Services-Camfield Mud,1,0,1
1103261,Ram Industries,1,0,1
1104866,Pro Frac,1,0,1
1104867,Viking Vessels,1,0,1
595000,National Aeronautics & Space Administration,1,0,1
10911,Air Liquide America Corporation-Cleburne Plant,1,0,1
237354,Dpc Industries Inc-Cleburne Plant,1,0,1
433260,James Hardie Building Products-Johnson Plant,1,0,1
438620,Johns Manville,1,0,1
718555,Rangaire Manufacturing Co Lp,1,0,1
811381,Sachem Inc-Cleburne Plant,1,0,1
846401,Johnson County Generation Facility,1,0,1
1102031,Ingram Concrete Llc-Cleburne Plant,1,0,1
1103308,"Delek Renewables, Llc",1,0,1
1104286,Southwest Linen,1,0,1
929449,Ecmd Inc-Clifton Moulding Co,1,0,1
57350,Basf Corporation-Freeport Site,2,0,2
419356,Ingram Concrete Llc-Coleman Plant,1,0,1
1104065,Beach And Tennis Club Hoa,1,0,1
1102030,Ingram Concrete Llc-Colorado City Plant,1,0,1
695625,Power Resources  Ltd-C R Wing Plant,1,0,1
852400,Luminant Generation Company Llc-Permian Basin Steam Electric Station,1,0,1
301900,Frazier & Frazier Industries Inc,1,0,1
578105,Hi-Pro Hill Country-Comanche Plant,1,0,1
258195,Elk Corporation  Of Texas,2,0,2
1104306,Harris County Mud 415,1,0,1
1101579,Other Manufacturing Val Verde County,1,0,1
35824,Evoqua Water Technologies,1,0,1
50625,Ball Metal Container Corporation Conroe Plant,1,0,1
94480,National Oil Well-Varco Brandt Facility,1,0,1
195915,Crown Cork & Seal Company Inc-Conroe Plant 16,1,0,1
552875,Borden Inc-Conroe Plant,1,0,1
1100331,Montgomery County Jail,1,0,1
1102677,Medical Center Hospital,1,0,1
1104393,Energy Alloys Inc,1,0,1
1104857,The Geo Group,1,0,1
1104859,Towers Woodland,1,0,1
1106527,Lasalle Hills West #1,1,0,1
1106528,Bmef Jones Forest -,1,0,1
1106529,Houston Methodist 1,1,0,1
1106761,The Abbey At Conroe,1,0,1
100420,Meadow Burke Products,1,0,1
283410,Best Block A Quikrete  Company,1,0,1
419363,Ingram Readymix Inc-Converse Plant,1,0,1
20392,American Chrome And Chemicals,1,0,1
141400,Ticona Polymers Inc Bishop Plant,1,0,1
143810,Nueces Bay Llc-Nueces Bay Energy Center,1,0,1
143830,Barney Davis Llc-Barney Davis Energy Center,1,0,1
146420,Citgo Refining & Chemicals Company Lp,1,0,1
164195,Valero Refining Texas Lp-Corpus Christi Refinery East Plant,1,0,1
184810,Valero Refining Texas Lp-Corpus Christi Frac Plant,1,0,1
265500,"Equistar Chemical, Lp-Corpus Christi Plant",1,0,1
391625,Cimbar Performance Minerals,1,0,1
434900,Hep Javelina Company Llc,1,0,1
468345,Flint Hills Resources Lp West Plant,1,0,1
501801,Air Liquide America Corporation-Corpus Christi Smr,1,0,1
656515,Pepsi Cola Bottling Company-Corpus Christi Plant,1,0,1
759595,Valero Refining Texas Lp-Corpus Christi Refinery West Plant,1,0,1
764120,Soutex Beef Llc,1,0,1
813050,Flint Hill Resource Lp East Plant,1,0,1
852585,Valero Mktg & Supply Company,1,0,1
1100081,Calpine Corp-Corpus Christi Cogeneration,1,0,1
1103157,Halliburton Energy Services-Corpus Christi Grinding Plant,1,0,1
1103377,Linde Inc- Corpus Christi Site,1,0,1
1103659,Valero Refining Texas Lp-Admin Bldgs,1,0,1
1105278,Benchmark Materials,1,0,1
1106654,Enterprise Products Operating-Shoup Plant,1,0,1
146180,Georgia-Pacific Wood Products Llc,1,0,1
24503,Pactiv Llc-Corsicana Plant,1,0,1
40401,Texas Mpp Corporation,1,0,1
345863,Guardian Industries Corporation,1,0,1
437515,Tremco Cpg Manufacturing Corp,1,0,1
596550,Navarro Pecan Company,1,0,1
623450,Oil City Iron Works Inc,1,0,1
1101084,North Pettys Chapel,1,0,1
1103640,Russell Stover Candies,1,0,1
791955,Magellan Pipeline Company Lp,2,0,2
1101366,Other Manufacturing Crane County,1,0,1
1102685,Basic Energy Services-Crane County,1,0,1
1103690,Trey Trucks,1,0,1
1106752,Complete,1,0,1
871100,Lhoist North America Inc-Crawford Plant,1,0,1
181300,The Consolidated Wsc-287 South System,2,0,2
467727,Altivia - Crosby Plant,1,0,1
1106646,Possum Creek Water,1,0,1
286260,Film Pak Inc,1,0,1
368640,Harbison Fischer Manufacturing Company,1,0,1
220900,Del Monte Foods,1,0,1
881148,Txi Cement-Hunter Road Cement Plant,1,0,1
11132,Alamo Concrete Company-Plant 72 Cuero,1,0,1
152245,Drilling Specialties Company,1,0,1
1103999,All Other Industrial Users,1,0,1
1104446,Huntsman Petrochemical Llc-Conroe Plant,1,0,1
1105802,Mullen-Telles Inc-Mti Sand Pit,1,0,1
409251,Huntsman Ethyleneamines Lp,1,0,1
322612,Atlas Roofing Corporation-Daingerfield Plant,1,0,1
854243,Texas Parks & Wildlife Department-Daingerfield State Park,1,0,1
13685,Aloe Vera Of America Inc,1,0,1
20610,Whitewave Foods,1,0,1
42350,Dallas Airmotive Inc,1,0,1
54300,Diab Americas Lp,2,0,2
78500,Blanks Printing & Imaging Inc,1,0,1
87480,Hiland Dairy Foods - Dallas Plant,1,0,1
108501,Winn-Bunting Meat,1,0,1
127670,Cain Food Industries Inc,1,0,1
161201,Rts Packaging,1,0,1
164520,Coca Cola Refreshments Usa Inc-Syrup Plant,1,0,1
181750,Continental Electronics Manufacturing  Company,1,0,1
200306,Custom-Crete - Joe Field,1,0,1
208500,Dal Tile Corporation-Dallas Plant,2,0,2
214050,Luminant Generation Company Llc-Lake Hubbard Steam Electric Plant,1,0,1
214100,Mountain Creek Power Llc-Mt Creek Station,1,0,1
269590,Raytheon Systems Company,1,0,1
286150,Mission Food Corporation-Dallas Site,1,0,1
288150,Flint Group Packaging Inks North America Llc,1,0,1
313000,Building Materials Investment Corporation,1,0,1
330090,Thermal Solutions Mfg Inc,1,0,1
368376,Harcros Chemicals Inc-Harcros Chemicals Inc,1,0,1
418865,Illes Food Ingredient Ltd,1,0,1
440320,Hempel Usa-Jones Blair Llc,1,0,1
501800,Air Liquide America Corporation-Dallas  Plant,1,0,1
537670,Marlow Industries Inc,1,0,1
538775,Martin Foundry,1,0,1
547810,Mci Inc,2,0,2
581706,Mozzarella Company,1,0,1
586050,Megger Industries,1,0,1
595005,National Banner Company Inc,1,0,1
619107,Occidental Chemical Corporation-Dallas Plant,1,0,1
632991,"Bluetriton Brands, Inc.-Dallas Mountain Creek",1,0,1
700900,Primrose Oil,1,0,1
703480,Petra Chemical Company,1,0,1
708300,Quality Sausage Company,1,0,1
736250,Rochester Gauges Inc,1,0,1
738650,Westrock Converting Company-Mill Division,1,0,1
741880,Tyson Foods Inc-Dallas Plant,1,0,1
748400,Mestex A Division Of Mestek Inc,1,0,1
766760,Sandenvendo America Inc,1,0,1
778100,Oak Farms East- Schepps Dairy,1,0,1
807650,Reddy Ice Ltd-Dallas Plant,1,0,1
823825,Cks Packaging Inc-Dallas Plant,1,0,1
825810,Svc Manufacturing Inc,1,0,1
835500,Solo Cup Corporation,1,0,1
842872,Tamko Building Products Inc-Dallas Plant,1,0,1
848520,Valley Proteins Inc-Dallas Plant,1,0,1
853434,Mm-Corinth Rm,1,0,1
853463,Mm-Spangler Rm,1,0,1
853473,Texas Instruments Inc-Forest Lane Plant South Campus,1,0,1
853480,Texas Instruments Inc-North Central Expressway Plant,1,0,1
885070,Unitron Lp,1,0,1
889524,U S Gypsum Company-Dallas Plant,1,0,1
893400,Darling Int Inc,1,0,1
970055,Wellmark International,1,0,1
1100031,Aramark Uniform (City Of Dallas),1,0,1
1100121,Coca Cola Bottling Co-Dallas Site,1,0,1
1100232,Frito Lay Brookhollow,1,0,1
1101755,Cintas Corporation-Dallas Site,1,0,1
1101767,Don Miguel Mexican Food,1,0,1
1101778,Hydration Source,1,0,1
1101789,Pecan Deluxe Candy Co,1,0,1
1101924,Nestle Water North America,1,0,1
1104316,Coca-Cola North America 43740,1,0,1
1104910,White Wave Food Company,1,0,1
1104911,Dchd/Pghc,1,0,1
1104937,City Of Rowlett (Wgc),1,0,1
1105117,Pioneer Frozen Foods Langdon,1,0,1
1105136,"Buckhead Meat Of Dallas, Inc",1,0,1
1105141,Ut Southwestern Med Ctr,1,0,1
1106186,Niagara Bottling Llc Dallas - 1 Plant,1,0,1
1106189,Westrock Paper Mill,1,0,1
1106190,Dean Foods / Dba Oak Farms Dairy,1,0,1
1106191,At&T Services-Dallas Site,1,0,1
1106193,Division Laundry,1,0,1
1106194,Trizec Plz Of America Pl Sid#5514465,1,0,1
1106195,Ritz-Carlton Engineering,1,0,1
1106204,"Versum Materials Us, Llc",1,0,1
1106245,Baylor Healthcare -444300,1,0,1
1106382,Illes Foods-Mckenzie Drive Site,1,0,1
1106390,Anatole Partners Iii Llc,1,0,1
1106391,City Of Irving -Raw Water,1,0,1
1106392,City Of Lewisville - Raw Water,1,0,1
1106455,Bay Valley Foods,1,0,1
1106827,Hiland Dairy Foods Company Llc,1,0,1
1106935,Signature Hospitality Services,1,0,1
688195,Poco Graphite Inc,1,0,1
258600,Dresser Direct,1,0,1
146135,Champion Cooler Corporation,1,0,1
391210,Denison Industries Inc,1,0,1
472500,Kwikset Corporaton,1,0,1
721450,Caterpillar Global Mining Equipment Llc,1,0,1
1100531,Us Corps Of Engineers (City Of Denison),1,0,1
1101715,Monarch Ridge,1,0,1
1102630,Ruiz Food,1,0,1
8200,Acme Brick Company-Denton Plant,1,0,1
222801,Garland Power & Light-Spencer Generating Station,1,0,1
440580,Jostens Inc,1,0,1
658888,Peterbilt Motors Company,1,0,1
847552,Tetra Pak Materials Llc,1,0,1
902360,Victor Technologies International Inc,1,0,1
1104791,United Copper Industries - A Southwire Company,1,0,1
1104815,Flowers Baking Co Of Denton,1,0,1
1105116,Morrison Milling Company Llc,1,0,1
805046,Solar Turbines Inc,1,0,1
970050,Zep Manufacturing Company,1,0,1
564411,M & H Crates Inc,1,0,1
87260,Hexion Inc,1,0,1
846050,Georgia-Pacific Panel Products Llc-Fiberboard Plant,1,0,1
846060,Georgia- Pacific-Diboll Lumber Division,1,0,1
846070,Georgia Pacific Corporation-Diboll Particleboard,1,0,1
1101268,Other Manufacturing Angelina County,2,0,2
1106338,Atco Structures,1,0,1
1106339,Demco,1,0,1
238800,Dublin Bottling Works Inc,1,0,1
672000,Iacx Rockcreek-Dumas Plant Gpbr,1,0,1
861325,Tessenderlo Kerley Inc,1,0,1
1105038,Ingram Concrete Llc-Dumas  Plant,1,0,1
656567,Apple Corrugated Packaging Inc,1,0,1
849675,Pioneer Inc-Frozen Foods Inc Duncanville Plant,1,0,1
863270,Cabinetworks Group Michigan Llc-Duncanville Site,1,0,1
11123,Alamo Concrete Products Co-Eagle Pass Concrete Plant,1,0,1
723390,Sesa Fluorspar Inc,1,0,1
155745,Cps Energy-Ow Sommers Jt Deely Plant Jk Spruce,2,0,2
721130,Redondo Manufacturing,1,0,1
906390,Vp Racing Fuels,1,0,1
244275,Ebaa Iron Inc,1,0,1
1102029,Ingram Concrete Llc-Eastland Plant,1,0,1
1103084,Vulcan Materials Company-Eastland Quarry,1,0,1
498810,Linden Kildare High School,1,0,1
889993,U S Immigration And Customs Enforcement,1,0,1
44555,Azteca Milling Lp-Edinburg Plant,1,0,1
1103900,Calpine Corp-Magic Valley Generation Station,2,0,2
1103908,Calpine Corp-Hidalgo Energy Center,1,0,1
1106137,International Paper Company-Edinburg Container,1,0,1
811400,Southwestern Electric Power Company-Knox Lee Plant,1,0,1
1105224,Arcosa Aggregates Inc-Horese Creek Quarry,1,0,1
271198,Uranium Energy Corp-Hobson Processing Plant,1,0,1
20628,Cardinal Health 200 Inc-El Paso Branch,1,0,1
37440,Eagle Family Foods-El Paso Plant,1,0,1
148100,Western Refining Company Lp-North Side Plant,1,0,1
181305,Reddy Ice El Paso,1,0,1
208501,Dal Tile Corporation-El Paso Plant,1,0,1
250990,Brd-Igp Inc,1,0,1
255100,Yazaki North America Inc,1,0,1
261100,El Paso Electric Company-Copper Power Plant,1,0,1
261250,El Paso Electric Company-Newman Power Plant,1,0,1
261300,El Paso Electric Company-Rio Grande Station,1,0,1
290000,Flowers Baking Of El Paso,1,0,1
421060,International Paper Company-El Paso Container Plant,1,0,1
482979,Tony Lama Company,1,0,1
526830,Coca-Cola Southwest Beverages-El Paso Magnolia Plant,1,0,1
603055,El Paso Times,1,0,1
700380,Prices Creameries,1,0,1
738612,Westrock Converting Company-El Paso Folding Carton Plant,1,0,1
764450,Farmer Select Llc,1,0,1
870900,Air System Components-El Paso Plant,1,0,1
1103708,Nuway/Schuman,1,0,1
1103709,Colonia Revolucion,1,0,1
1103710,Industrial-El Paso,1,0,1
1103711,Very Large Water Users,1,0,1
1103713,Paseo Del Este,1,0,1
1103979,El Paso Electric Company-Montana Power Station,1,0,1
1105416,Desert Rock Co-Clint Sand Pit,1,0,1
1105604,Jobe Materials Lp-Section 14 Sand Pit,1,0,1
1105605,Jobe Materials Lp-Dyer Sand Pit,1,0,1
1106042,Sun City Rock Inc-Sun City Rock Quarry,1,0,1
1106328,Square Dance,1,0,1
10100,Schirm Usa Inc,1,0,1
40430,Atlas Sound,1,0,1
133641,Polynt Composites Usa Inc,1,0,1
169800,Columbia Packing Company,1,0,1
268575,Ennis Business Forms Inc,1,0,1
535857,Tamko-Ennis Plant,1,0,1
1101690,Ennis Acquisitions,1,0,1
1103581,Ennis Power Plant,1,0,1
1103954,Sterilite Corporation,1,0,1
1104280,Silverton Village Town Homes,1,0,1
40425,Atlas Match Llc,1,0,1
1106804,Adam Grier,1,0,1
1106805,R Hester Cont Nc,1,0,1
1106806,Lonestar Oilfield Services,1,0,1
20500,"Cenveo Worldwide Limited, Dallas",1,0,1
254110,Chromalloy Of Dallas-Division Chromalloy Gas,1,0,1
319000,Garratt Callahan Company,1,0,1
595275,Stanley Black And Decker-Dallas Site,1,0,1
625310,Omega Optical Company,1,0,1
1101691,Qorvo Llc,2,0,2
1106136,Essilor Of America,1,0,1
918250,"Etc Texas Pipeline, Ltd-Fashing Plant 186",1,0,1
517680,Lower Colorado River Authority-Fayette Power Project,2,0,2
37940,Atco Products Inc,1,0,1
1104138,Wm Renewable Energy Llc-Skyline Gas Recovery,1,0,1
398535,Cemex Construction Materials Houston Llc-Stafford Plant,1,0,1
129601,Cal Maine Foods Inc,3,0,3
11136,Alamo Concrete Products Co-San Antonio Div Floresville Plant,1,0,1
1105210,Amarillo Road Company Lp-Rock Crushing Facility,1,0,1
186250,Smurfit Kappa North America Llc,1,0,1
293602,Luminant Generation Company Llc-Forney Energy Center,1,0,1
537625,Inframark-Markout Wsc,1,0,1
1103978,Westside Water,1,0,1
1106587,West Texas Detention Facility,1,0,1
1106757,Joshua Dale,1,0,1
9920,Applied Avionics Inc,1,0,1
9921,Radius Aerospace Fort Worth,1,0,1
11450,Alcon Laboratories Inc,1,0,1
35853,Arrow Plating Company Inc,1,0,1
37950,Atco Rubber Products Inc,1,0,1
50280,Mrs  Bairds Bakeries-Bread Plant,1,0,1
52575,Bar W Meat Company,1,0,1
64000,Bell Textron Plant 1,1,0,1
67980,Beltex Corporation-Fort Worth Plant,1,0,1
147013,Lhoist North America Inc-Hurst Terminal,1,0,1
164385,Coca-Cola Southwest Beverages-Fort Worth Fossil Creek Plant,1,0,1
181520,Westrock Company- Fort Worth Plant,1,0,1
181540,Corning Optical Communications Llc,1,0,1
200370,Marian Fort Worth Inc,1,0,1
214400,Best Maid Products Inc-Fort Worth Site,1,0,1
215530,Danone Us Llc,1,0,1
254302,Efw Inc,1,0,1
274900,Smyrna Ready Mix Llc-South Fort Worth Plant 113,1,0,1
299154,Cargill,1,0,1
300100,Martin Sprocket & Gear Inc-Fort Worth Div,1,0,1
304027,Fresnel Technologies Inc,1,0,1
320925,Lockheed Martin-Aero Fort Worth Mail Zone 6875,1,0,1
321530,Valtir Fort Worth 28Th St Plant,1,0,1
341944,Green Bay Packaging Inc,1,0,1
368660,Har Conn Chrome Company Inc,1,0,1
413400,Nov Hydra Rig Inc,1,0,1
471300,Kroger Company-Manufacturing Site,1,0,1
534251,Maloney Technical Products Company,1,0,1
569500,Molson Coors Usa Llc,1,0,1
569505,Ball Metal Container Corporation Fort Worth Plant,1,0,1
580220,Mosites Rubber Company Inc,1,0,1
583900,Leggett Partners Lp,1,0,1
658245,Nouryon Surface Chemistry Llc,1,0,1
688007,Ridley Inc,1,0,1
699850,Pvi Industries Llc,1,0,1
717350,Purina Mills Llc,1,0,1
718430,Americold East,1,0,1
722727,Renfro Foods Inc,1,0,1
788060,Cks Packaging Inc-Fort Worth Plant,1,0,1
848435,Texas Aluminum Foundry Inc,1,0,1
851630,Constellation-Handley,1,0,1
861245,Texas Refinery Corporation,2,0,2
889523,Bureau Of Engraving & Printing-U S Department Of Treasury,1,0,1
898300,Vandervoorts Inc,1,0,1
906950,Traulsen & Company,1,0,1
1100018,American Airlines,1,0,1
1100109,Cintas Corp #492,1,0,1
1100122,Coca Cola Bottling Co (City Of Fort Worth),1,0,1
1100150,Refresco Beverages Us Inc-Fort Worth Site,1,0,1
1100226,Cargill Meat Solutions Corporation,1,0,1
1100549,Union Pacific Railroad,1,0,1
1101999,Premium Water Inc,1,0,1
1102648,Chesapeak Operating,1,0,1
1102658,Extex Laporte Ltd Partnership-Tarrant County,1,0,1
1102666,Agrana Fruit Us Inc,1,0,1
1102912,Xto Energy  Inc,1,0,1
1102979,Triumph Group Incfort Worth,1,0,1
1103008,Ridglea Country Club Estates,1,0,1
1103015,Federal Correctional Institute Tarrant,1,0,1
1103219,Valtris Speciality Chemicals-Tarrant,1,0,1
1103358,Kerry Ingredients & Flavours Inc - Fort Worth Plt,1,0,1
1103399,Associates Wholesale Grocers Inc,1,0,1
1103651,Cti Foods - Tarrant County,1,0,1
1103966,Tdindustries Inc - Tarrant County,1,0,1
1103967,Ferro Corporation - Tarrant,1,0,1
1103968,Vantage Energy Fort Worth Llc,1,0,1
1103969,Pratt Industries Usa,1,0,1
1103970,Texas Meat Packers - Tarrant,1,0,1
1104137,Wm Renewable Energy Llc-Westside Landfill Gas Recovery,1,0,1
1104311,Carolina Beverage Group-Texas Quality Beverage,1,0,1
1104313,Wise Snacks Inc,1,0,1
1104314,Westrock - Tarrant County,1,0,1
1104315,Mibo Fresh Foods,1,0,1
1105541,Hjg Trucking Company,1,0,1
1106143,Valerus Specialty Chemicals,1,0,1
1106145,Parker Products Inc,1,0,1
1106146,Conti Partners,1,0,1
1106198,City Of Benbrook,1,0,1
1106348,Alsco Inc-Tarrant Co,2,0,2
1106350,Fedex Alliance Airport,1,0,1
1106351,Firestone & Robertson,1,0,1
1106352,Five Star Foods,1,0,1
1106353,Fort Worth Meat Packers Llc,1,0,1
1106354,Ge Manufacturing Solutions Llc,1,0,1
1106558,Stanley Black And Decker-Fort Worth Site,1,0,1
1106777,Cci Beach Lp,1,0,1
1106779,Marine Creek Nursing & Rehab,1,0,1
1106780,Mrs Dalton'S Best Maid Product,1,0,1
1106781,Rock Tenn Ms#5,1,0,1
1106782,Shearers Foods Inc,1,0,1
1106783,The Beck Group,1,0,1
1107035,Best Maid Products Inc-Mansfield Site,1,0,1
1107133,Admiral Linen & Uniform,1,0,1
889460,U S Army Corps Of Engineers-Belton And Stillhouse Hollow Lakes,1,0,1
22100,Riviana Foods Inc-Freeport Plant,1,0,1
95811,Brazos Pipe & Steel Inc,1,0,1
102900,U S Dept Of Energy-Bryan Mound  Stategic Pet Res,1,0,1
592050,Nalco-Freeport Plant,1,0,1
778070,Si Group Inc-Texas Operations - Freeport,1,0,1
1102921,Phillips 66 Company-Freeport Terminals,1,0,1
1106562,"Me Global Americas, Inc.",1,0,1
1106769,Gladieux,1,0,1
391160,Hi Pro Feeds Inc,1,0,1
304030,Mm-Camey Rm,1,0,1
1103977,Fort Bend Mud 185,1,0,1
1107026,Fort Bend County Mud 216,1,0,1
1107027,Fort Bend County Mud 222,1,0,1
1106219,Hughes Magnolia Llc,1,0,1
1106220,Pileworks/Hughes Magnolia,1,0,1
658235,Petroflex Ltd,1,0,1
688888,Dura-Line Polypipe Inc-Gainesville Plant,1,0,1
921700,Safran Seats Usa Llc,1,0,1
1101360,Other Manufacturing Cooke County,1,0,1
1104862,Gaf Materials Corporation,1,0,1
1106309,Reliant World Wide Plastics,1,0,1
1106341,Poly Pipe/Dura Line,1,0,1
9824,Texmark Chemicals Inc,2,0,2
91650,National Oil Well-Galena Park Facility,1,0,1
320402,Km Liquids Terminals Llc,1,0,1
373900,Ardent Mills,1,0,1
690625,Port Of Houston Authority,6,0,6
460895,Cemex Construction Materials Houston Llc-Galveston Plant,1,0,1
536027,Calument Dickinson Refining,1,0,1
889407,Meridian Brick-Ogden Plant,1,0,1
31131,Apex Plastic & Tooling Inc-Garland Plant,1,0,1
35765,Bway Packaging,1,0,1
136000,Carrollclean Llc,1,0,1
183880,Collins Concrete,1,0,1
213050,Micron Industiries,1,0,1
225300,Sherwin Williams-Garland Plant,1,0,1
250970,Ecolab Inc,1,0,1
312945,Clarion Technologies,1,0,1
320020,Gdmi Inc,1,0,1
419347,Epiroc Drilling Solutions,1,0,1
419410,General Dynamics Ots,1,0,1
456500,Maysteel Porters Llc,1,0,1
469810,The Kraft Heinz Foods,1,0,1
492699,Hatco Inc (Garland Plt),1,0,1
793450,The Sherwin Williams Company,1,0,1
826670,Packaging Corp Of America-Garland Plant,1,0,1
845814,Telsco Industries Inc,1,0,1
886550,Linde Inc.-Garland Plant,1,0,1
886555,Ona Polymer Ucar Plant,1,0,1
1100160,Daisy Brand Inc (City Of Garland),1,0,1
1100396,Plastipak Packing Inc (City Of Garland),1,0,1
1101985,Ifs Industries,1,0,1
1106484,Zobele Usa Inc - Dallas,1,0,1
1106486,Cosmax Nbt Usa Inc,1,0,1
1106799,Fireside By The Lake/Dallas County Mud No. 4,1,0,1
553500,Laerdal Medical Plastics Lab,1,0,1
10841,Airborn Inc-Georgetown Plant,1,0,1
809945,Alamo Concrete Products Co-Weir Plant,1,0,1
133640,Cargill Inc-Nutrena Feed,1,0,1
1102974,Texas Youth Commission (Lee Co),1,0,1
1104207,East Texas Electric Coop Inc-Harrison County Power Project,1,0,1
326700,Gilmer Potteries Inc,1,0,1
734000,Robroy Industries Texas Inc,1,0,1
419359,Ingram Concrete Llc-Goldthwaite Plant,1,0,1
392473,Tyson Foods Inc-Feed Mill,1,0,1
703482,Land O Lakes Purina Feed Llc-Gonzales Chow Plant,1,0,1
806675,Byk Usa Inc - Gonzales Plant,1,0,1
1106347,Aspen Beverage,1,0,1
345846,Guadalupe Blanco River Authority-Lake Wood Park,1,0,1
392472,Tyson Foods Inc-Gonzales Hatcheries,1,0,1
467702,Kitchen Pride Mushroom Farm,1,0,1
630100,Ottine Wsc,1,0,1
1101688,Palmetto State Park,1,0,1
334390,Graham Magnetics Lp,1,0,1
851670,Luminant Generation Company Llc-Graham Steam Electric Station,1,0,1
9821,Advanced Rubber Molding Inc,1,0,1
9923,Airbus Helicopters Inc,1,0,1
64040,Bell Textron Plant 5,1,0,1
183549,Control Products Corporation,1,0,1
200280,Custom Building Products,1,0,1
363120,Hagans Plastics Company Inc,1,0,1
383555,Heritage Family Specialty Foods,1,0,1
421402,Pratt & Whitney-Grand Prairie Plant (1174 Ngs Pkwy),1,0,1
421408,Pratt & Whitney-Grand Prairie Plant,1,0,1
688887,Poly America Lp,1,0,1
701495,Printpack Inc-Grand Prairie Plant,1,0,1
795381,Siemens Industry Inc-Grand Prairie,1,0,1
845900,Old Castle Glass,1,0,1
863050,Texstars Llc,1,0,1
889810,International Paper Company-Bag Plant,1,0,1
906960,Lockheed Martin High Speed Wind Tunnel,1,0,1
930880,International Paper Company-Corrugated Plant,1,0,1
1101776,Gruma Corp,1,0,1
1103981,North Texas Healthcare Laundry - 188200,1,0,1
1105048,Fresh Express-283102-89289,1,0,1
1105115,Mission Food Corporation-Grand Prairie Site,1,0,1
1106541,"Mec Lone Star Park, Lp",1,0,1
1106542,Mission Uniform And Linen,1,0,1
1106543,Domino'S Pizza Distribution,1,0,1
1106544,"United Caterers, Inc",1,0,1
1106546,Fruit Of The Earth Inc,1,0,1
1106547,Pj Food- Papa Johns Distribution Center,1,0,1
1106548,Intermex Products Usa,1,0,1
1106549,Lockheed Martin  Site 7,1,0,1
1106550,"Poly America, Inc",1,0,1
1106551,Ole Mexican Foods Inc,1,0,1
1106552,Ellis Co Fresh Wtr Supply #1,1,0,1
1106741,Thompson Pipe Group Pressure,1,0,1
1106771,Lockheed Martin-14 Street Losat Facility,1,0,1
1106772,Lockheed Martin-Marshall Street Facility,1,0,1
1106773,Lockheed Martin-Shook Facility,1,0,1
580000,Morton Salt Inc,1,0,1
611600,Nucor Corporation,1,0,1
1106138,Darling Ingredients-Houston,1,0,1
652118,Pavestone Company-Grapevine Plant,1,0,1
8450,Acme Brick Company-Mcqueeney Plant,1,0,1
85595,Cal-Maine Foods-Featherland Egg Farm,1,0,1
944499,Georgia- Pacific Gypsum Llc-Mcqueeney Plant,1,0,1
1100551,Universal Forest Products,1,0,1
1103901,Calpine Corp-Guadalupe Power Partners,1,0,1
1104281,Tricon Precast Ltd,1,0,1
1104912,Water Services Inc,1,0,1
269600,L3Harris Technologies Integrated Systems L.P.-Greenville Division Cbn 031,1,0,1
285653,Cytec Engineered Materials Inc,1,0,1
342375,Greenville Electric Utility-Powerlane Plant,1,0,1
432950,Jacobia Wsc,1,0,1
683193,Royal Oak Enterprises,1,0,1
738630,Westrock Converting Company-Greenville Folding Carton Plant,1,0,1
1106461,Park Water Company,1,0,1
391645,Polyester Fibers Llc-Groesbeck Plant,2,0,2
1100520,Txdot (Guadalupe Mountains National Park),1,0,1
717312,R & E Tooling & Plastics Inc,1,0,1
823950,Hillshire Brands Company,1,0,1
1102008,Unifirst-Tarrant County,1,0,1
419361,Ingram Concrete Llc-Hamilton Plant,1,0,1
658001,Pedersons Natural Farms Inc,1,0,1
1105931,Rgi Materials Inc-Hardin Plant,1,0,1
26656,Emerson Automation Solutions Final Control Us Lp,1,0,1
320927,United Launch Alliance-Harlingen Operations,1,0,1
894625,Valley Co Op Oil Mill,1,0,1
899703,Alamo Concrete Products Co-Harlingen Ready Mix Plant,1,0,1
899709,Alamo Concrete Products Co-Pipe Division,1,0,1
1102262,Valco Chemical Company,1,0,1
1102263,Unifirst-Potter & Cameron County,1,0,1
1102266,Harmony Green Inc,1,0,1
1102270,Reddy Ice Ltd Cameron County,1,0,1
1103436,Military Highway Water Supply Corp-Las Rusias Wtp,1,0,1
1104293,Valley Internation Cold Storage,1,0,1
573510,Vinland Energy Texas-Electra Plant,1,0,1
1105050,Kirby Marine,1,0,1
1106750,Hartree Channelview Llc-Hartree,1,0,1
1106751,Acl Transportation Serv. Llc,1,0,1
1102273,Timberlake Ud,1,0,1
848462,Texas Arai,1,0,1
623100,Fmc Technologies Inc,1,0,1
1107023,Moc Ud 15,1,0,1
1106768,Harris County Mud 559,1,0,1
1104296,Hearthstone Country Club,1,0,1
368520,Splashtown Usa,1,0,1
370346,Inframark-Harris County Mud 346,1,0,1
1102440,Cypress Creek Ranch,1,0,1
391125,Zxp Technologies Llc,1,0,1
685960,Plastipak Packaging Inc,1,0,1
559700,Sasol Chemicals Usa Llc,2,0,2
1103212,Montgomery County Mud No. 94,1,0,1
1104257,Ingram Concrete Llc-Haskell Plant,1,0,1
275400,Xto Energy Inc.-Hawkins Gas Plant,1,0,1
377210,Hearne Steel Company Inc,1,0,1
1104269,Intercontinental Crossing Mud,1,0,1
1104868,Harris County Mud 231,1,0,1
285631,Fiberglass Specialties Inc,1,0,1
380600,Meridian Brick-Henderson Plant,1,0,1
421050,West Fraser,1,0,1
1102203,Etmc East Texas Medical Center,2,0,2
1102254,Mtc Jail,1,0,1
1103316,Hormel Foods,1,0,1
1103317,"Clements Fluids-Henderson, Ltd.",1,0,1
35834,Arrowhead Mills Inc,1,0,1
139700,Caviness Packing Company Inc,1,0,1
1100355,Nutrifeeds,1,0,1
1104891,White Energy-Hereford Site,1,0,1
1104892,Tejas Industries,1,0,1
1105037,Ingram Concrete Llc-Hereford  Plant,1,0,1
94300,Brandom Manufacturing Corporation,1,0,1
1106586,I K O  Shingle Plant Hillsboro,1,0,1
586150,Mummes,1,0,1
10884,Air Products And Chemicals- Pasadena Plant,1,0,1
10890,Air Products Llc-La Porte Plant,1,0,1
10895,Sekisui Specialty America Llc-Pasadena Plant,2,0,2
21100,American Plant Foods Corporation,1,0,1
22860,American Water Systems,1,0,1
29100,Anheuser-Busch Llc,1,0,1
33745,Total Petrochemicals & Refining Usa Inc La Porte Plant,1,0,1
33751,Arcot Manufacturing Corporation,1,0,1
40080,Lyondellbasell Industries-Houston Refining Lp,1,0,1
74475,Air Liquide America Corporation-Bayport Plant  Iwtc,2,0,2
78950,Blentech Corporation,1,0,1
81710,Southwest Shipyard Lp-Harris County,1,0,1
127678,Equistar Chemicals Lp-Bayport Underwood Ethylene Oxide Plant,2,0,2
129900,Schlumberger-Houston Facility,1,0,1
133651,Westway Feed Products Llc,1,0,1
138395,La Vaquita Inc,1,0,1
141950,Celanese Ltd-Clear Lake Plant,2,0,2
146800,Cb&I  Inc,1,0,1
147620,Valero Refining Texas Lp-Houston Refinery,1,0,1
148005,Huntsman International Llc,1,0,1
148027,Chemtrusion Inc,1,0,1
152955,Trecora Wax Llc,2,0,2
153580,Oneok Hydrocarbon Southwest Llc-Mont Belvieu Plt (Mb1),2,0,2
161850,Clorox Company,1,0,1
163497,Coastal Foundry 2.0 Llc,1,0,1
164027,Enterprise Products Operating Lp-Almeda Station,1,0,1
181635,Greif  Inc,1,0,1
195800,Chevron Usa Inc-Pasadena Refining System Inc,2,0,2
215520,Daniel Industries Inc-Brittmoore Utilities,1,0,1
217400,Dee Foundries Inc,1,0,1
227171,Oxy Vinyls Lp-Hcc Battleground Plant,1,0,1
227500,Enterprise Products Operating Lp-East Storage/Splitter Iii,2,0,2
230975,Texas Molecular-Tm Deer Park Services Llc,1,0,1
231150,Dixie Chemical Company,2,0,2
237650,Geospace Technologies,1,0,1
238760,Halliburton Energy Services-Dr Pepper Bottling Company,1,0,1
242700,Equistar Chemicals Lp-Laporte Plant,1,0,1
243000,E I Dupont De Nemours Company Inc-La Porte Plant,1,0,1
243250,E I Dupont De Nemours Company Inc,1,0,1
255985,Delta Specialty Coatings Llc,1,0,1
256620,Electro Coatings Of Texas Inc,1,0,1
256623,Mirror Acquisitions Inc Dba Mirror Industries Inc,1,0,1
259040,Ellwood Texas Forge Company,1,0,1
268617,Enterprise Products Operating Lp-Mont Belvieu Complex,2,0,2
270650,Eutsler Technical Products Inc,1,0,1
274998,Exxon Mobil Corporation-Mont Belvieu Plastics Plant,2,0,2
276800,Exxonmobil Upstream Research Company Main Building,1,0,1
291390,Basf Corporation-Performance Materials,1,0,1
310070,Hb Fuller Construction Products,1,0,1
320970,Industrial Terminals Lp,1,0,1
322711,Oneok Hydrocarbon Southwest Llc-Storage Unit (Mbs),2,0,2
323800,Merchants Metals,1,0,1
332600,Goodyear Tire & Rubber Company-Houston Chemical Plant,1,0,1
334201,Geo Speciality Chemicals,1,0,1
334396,Buckhead Meat And Seafood,1,0,1
346180,Gulf Coast Fractionators,1,0,1
363250,"Topsoe, Inc",2,0,2
365348,Monument Chemical Houston Llc,1,0,1
370182,Severn Trent Services-Harris County Mud 182,1,0,1
370461,Municipal Operations & Consulting Inc-Harris County Mud 461,2,0,2
376700,H & M Plating Company Inc,1,0,1
396980,Houston Foam Plastics Inc,1,0,1
397550,Nrg Texas Power Llc-Cedar Bayou  & Cedar Bayou 4 Electric Generating Plant,1,0,1
398100,Nrg Texas Power Llc-Greens Bayou Electric Generating Plant,1,0,1
398411,Houston Chronicle-Southwest Freeway,1,0,1
398414,Houston Chronicle-Harvey Wilson Site,1,0,1
398531,Cemex Construction Materials Houston Llc-Navigation Plant,1,0,1
398805,Houston Fuel Oil & Terminal Company,1,0,1
413412,Hydril Company Lp-Technology Center,1,0,1
413600,Old Castle Infrastructure-Harris County Plant,1,0,1
419325,Industrial Metal Finishing Company,1,0,1
432940,Jst Global Llc,1,0,1
458620,Kaneka North America,2,0,2
468368,Rki Inc,1,0,1
474000,Kik Houston Llc,1,0,1
483610,Lamons Metal Gaskets Company,1,0,1
511025,Lone Star Heat Treating Corporation,1,0,1
519200,Lubrizol Corporation-Deer Park Plant,1,0,1
526300,"Polynt Composites Usa, Inc",1,0,1
562498,Metal Coatings Corp,1,0,1
573185,Mitsubishi Catapillar Forklift,1,0,1
574350,Ppg Industries Inc-Houston Coating Plant,1,0,1
595008,International Cellulose Corporation,1,0,1
603060,Southwest Shipyard Lp - Galveston Site,1,0,1
604906,Halliburton Energy Services-Main Plant,1,0,1
611460,Ineos Styrolution America Llc-Pasadena Bayport Plant,1,0,1
611536,Monument Chemical Bayport Llc,2,0,2
617198,Oak Farms Dairies,1,0,1
619020,Axalta Powder Coatings Systems Usa Inc,1,0,1
622500,Offenhauser Company,1,0,1
626020,Baker Hughes Inteq-Baker Hughes,1,0,1
632544,Owens Corning Fiberglas Corporation-Houston Roofing Products Div,1,0,1
632900,Lyondell Chemical Company-Bayport Choate Plant,2,0,2
632988,"Bluetriton Brands, Inc.-Ozarka - South Houston",1,0,1
634847,Bwc Terminals Llc,1,0,1
651950,Pci Nitrogen Llc,1,0,1
656518,Pepsi Cola Bottling Company-Houston Plant,1,0,1
658705,Baker Petrolite Corporation-Bayport Plant,2,0,2
658800,Tpc Group Inc,1,0,1
667400,Chevron Phillips Chemical Company Lp-Pasadena Plastics Complex,2,0,2
677750,American Thermoplastics Co,1,0,1
695600,Powell Electrical Systems Inc,1,0,1
698102,W Industries Inc,1,0,1
698120,Parker Hannifin Corp-Ipd Division,1,0,1
702990,Pro Plastics Inc,1,0,1
707600,Quality Elc Steel Castings,1,0,1
721005,Reddy Ice Ltd-Houston  Plt,1,0,1
721550,Reef Industries,1,0,1
723800,"Division Laundry Houston, Llc",1,0,1
740212,Roger W Powell Plant,2,0,2
740610,Rohm And Haas Chemicals Llc Bayport Plant,2,0,2
741005,Clean Harbors Deer Park Llc,1,0,1
778550,Flowers Baking Company Of Houston,1,0,1
778720,Schumacher Company Inc,1,0,1
778790,Tenaris Coiled Tubes,1,0,1
782912,Municipal Operations & Consulting Inc-Halliburtonnorth Belt,1,0,1
788204,Sgi Integrated Graphic Systems-Houston Facility,1,0,1
790825,Mauser Group Inc,1,0,1
791180,Shell Technology Center Houston,1,0,1
791600,Deer Park Refinery Limited Partnership-Pemex Deer Park Refinery,1,0,1
792805,C E Shepherd Company-2221 Canada Dry Plant,1,0,1
792809,C E Shepherd Company-2350 Eleanor Tinsley Way,1,0,1
802545,J B Smith Manufacturing Company,1,0,1
809830,Geon Performance Solutions,2,0,2
809928,Southwest Galvanizing Inc,1,0,1
823000,Darling International Inc,1,0,1
824050,Eco Services Operations Llc - Houston Plant,1,0,1
828060,Suhm Spring Works,1,0,1
846430,Oxy Vinyls Lp-Pasadena Plant,1,0,1
846450,Enterprise Products Operating Lp-Morgans Point Complex,1,0,1
853490,T I W Corporation,1,0,1
861305,Texas Steel Conversion Inc,1,0,1
863260,Tex Tube Company,1,0,1
874700,Tristarr Web Graphics,1,0,1
886500,Linde Inc.-Deer Park Plant 742,1,0,1
886611,Linde Inc.-La Porte Plant,1,0,1
889740,U S Gypsum Company-Galena Park Plant,1,0,1
890545,"Inv Propylene, Llc-Inv Propylene Llc",1,0,1
890547,Braskem America-La Porte Chemicals Plant,1,0,1
890550,Jsw Steel Usa Inc,1,0,1
899100,Valeron Strength Films,1,0,1
902320,Vetco Gray Inc,1,0,1
909005,Vulcan Materials Company-Vulcan Ica Distribution Company-Houston Shipyard,1,0,1
918450,Targa Midstream Services-(Cbf) Mont Belvieu Plant 158,2,0,2
918451,Targa Midstream Services-Mont Belvieu Terminal,2,0,2
920000,Waukesha Pearce Industries Llc,1,0,1
929700,Western Container Corporation-Houston Plant,1,0,1
938325,Wetmore & Company-Houston Plant,1,0,1
938390,Wfi International Inc Houston Plant,1,0,1
944120,Whirlwind Steel Buildings Inc,1,0,1
953025,Nouryon Surface Chemistry Llc-Houston Plant,1,0,1
956400,Hixson Lumber Sales Of Houston,1,0,1
1100017,American Acryl Lp,2,0,2
1100052,Bealine Service Co,1,0,1
1100301,Ardagh Glass Packaging,2,0,2
1100351,Noltex Llc (E I Dupont De Nemours Company Inc),1,0,1
1100379,United Petroleum Transports,1,0,1
1100571,Zeon Chemicals Texas Inc,1,0,1
1100575,Battleground Water Company,1,0,1
1100587,Calpine Corp-Deer Park Energy Center,1,0,1
1100622,Odfjell Terminals,1,0,1
1101666,Harris County Mud 406,1,0,1
1101667,West Harris County Mud 16,1,0,1
1101747,Huish Detergents Inc,1,0,1
1101748,Gulf Coast Authority,2,0,2
1101750,Jindal United Steel Corp,1,0,1
1102168,Reagens,2,0,2
1102436,Harris County Mud 403,1,0,1
1102463,Sunoco Lp,1,0,1
1102482,Foremark Performance Chemicals,1,0,1
1102483,Cedar Bayou Productions/Contracrted,1,0,1
1102486,Vulcan Construction Materials,1,0,1
1102491,Diamond Shamrock,1,0,1
1102715,Kinder Morgan Liquid Terminal,1,0,1
1102716,Equilon Enterprises Llc (Oiltanking),1,0,1
1102723,Stolthaven Houston Inc,1,0,1
1102734,Gulf Coast Water Authority (Galveston),1,0,1
1102740,Texas Brine Company Llc-Manufacturer Site,1,0,1
1102878,Prince Minerals Llc,1,0,1
1103386,Bostco Industries Llc,1,0,1
1103391,Pol-Tex International,2,0,2
1103634,Oneok Hydrocarbon L.P-Chambers County,2,0,2
1103704,Equistar Chemicals-Victoria Plant,1,0,1
1103707,Energy Transfer Mont Belvieu Ngls Lp,1,0,1
1103758,Enterprise Products Operating Llc,1,0,1
1103763,Carpenter Chemical,1,0,1
1103764,Chem-Sep,1,0,1
1103765,Gulf Coast Limestone,1,0,1
1103766,Ip Investments,1,0,1
1103767,Old World Industries (Eisai),1,0,1
1103771,Trimac-Dsi Transports Inc,1,0,1
1103772,W. Canning,1,0,1
1103774,Regional Water Advisory Committee,1,0,1
1103775,Emerald Forest,1,0,1
1104016,Fmc Corporation,1,0,1
1104054,Equistar Chemicals Lp-Mont Belvieu Facility,2,0,2
1104096,Multi Chem Group Llc,1,0,1
1104117,Oiltanking Houston Terminal,1,0,1
1104125,Intercontinental Terminal Company,1,0,1
1104153,Texas Medical Center Central- Teco Chp-1 Power Generation,1,0,1
1104162,Helios Plaza Chp Plant,1,0,1
1104330,"Harris County, Texas",1,0,1
1104350,Lyondellbasell Acetyls Llc-Syngas Plant,1,0,1
1105112,Mckenzie Tank Lines,1,0,1
1106097,Tejas Power Generation Llc,1,0,1
1106127,Energy Transfer East Frac,1,0,1
1106128,Energy Transfer South West Frac,1,0,1
1106129,Energy Transfer West Frac,1,0,1
1106226,Mvp Terminalling Llc,1,0,1
526680,Magni Fab Southwest Company Inc-Howe Plant,1,0,1
1106295,"River Bend Water Services, Inc",1,0,1
4005,A & A Coating Inc,1,0,1
400005,Hughes Springs Frozen Food,1,0,1
778764,Scot Industries Inc-Lone Star Plant,1,0,1
857240,Wheeling Machine Products Inc,1,0,1
186820,Cdi Energy Products,1,0,1
413415,"Hydril Usa Distribution, Llc-Humble Plant",1,0,1
1106297,Houston Plating & Coatings Llc-Humble Site,1,0,1
551100,Weatherford Completion Systems,1,0,1
824160,Steely Lumber Company,1,0,1
846395,Tenaska Frontier Generation  Station,1,0,1
854000,Gardner Glass Products,1,0,1
1104263,Materia Incorporated,1,0,1
460410,Kelly Moore Paint Company Inc,1,0,1
852620,Azz Galvanizing-Hurst Plant,1,0,1
137510,Cary Products Company Inc,1,0,1
181098,Signicast Llc,1,0,1
421278,Solvay Chemicals Inc,1,0,1
494020,Metton America Inc,1,0,1
244247,"Pvs Dx, Inc",1,0,1
1100282,Kiewit Offshore Service,1,0,1
1102995,Enbridge Ingleside Energy Center,1,0,1
1104374,Pine Forest Mud,1,0,1
334202,Sealed Air Corporation,1,0,1
1101633,Entex,1,0,1
1103721,Ingram Concrete Llc-Iowa Park Plant,1,0,1
5806,Abbott Labs Diagnostics Division,1,0,1
10852,Airmec Inc,1,0,1
226720,Keurig Dr Pepper,1,0,1
308100,Frito Lay Inc-Irving Plant,1,0,1
484850,Sonoco Products Company-Irving,1,0,1
508810,Lone Star Corrugated Container,1,0,1
547365,Mccormick & Company Inc,1,0,1
595025,Mohawk Laboratories-Division Nch Corporation,1,0,1
632543,Owens Corning Fiberglas Corporation-Irving Plant,1,0,1
760700,America'S Beverage Company,1,0,1
1102504,Brakebush Irving,1,0,1
1106583,Quality Technology Services,1,0,1
1106584,Recognition Equipment,1,0,1
244228,Dynamic Products Inc,1,0,1
418860,Aqua Texas Inc-Harsco Industrial Ikg,1,0,1
824779,Aero Products And Services Jv Llc-Jacintoport Facility,1,0,1
58280,Cardinal Health 200 Inc-Cherokee Branch,1,0,1
588200,Myco Plastics Inc,1,0,1
645710,Madix Inc,1,0,1
702750,Teknor Color Company,1,0,1
931342,Western Pulp Products Company,1,0,1
1102204,Jacksonville Isd,1,0,1
1102206,Modine Jacksonville Inc,1,0,1
587651,Jge Gas Solutions - Chapel Hill Plant,1,0,1
1102570,Louisiana Pacific Corporation-Jasper Osb Mill,1,0,1
1103342,Norbord Texas In  (Jefferson),1,0,1
320490,Halliburton Energy Services-Alvarado Facility,1,0,1
1103664,Monarch - Ridgecrest,1,0,1
1101276,Other Manufacturing Atascosa County,1,0,1
1102251,Mckeeson,1,0,1
9814,Advance Tabco,1,0,1
278712,Mica Steel Works-Kaufman Division,1,0,1
863201,Foam Fabricators Ltd,1,0,1
779200,Seabrook Seafood Inc,1,0,1
564311,Mezger Enterprises Ltd,1,0,1
382803,Ashland Speciality Ingredients,1,0,1
1100447,Tdcj Connally Unit,1,0,1
147632,Hexpol Compounding,1,0,1
1105552,Hrs Operation Llc-Kermit 115,1,0,1
42300,James Avery Craftsman Inc-Kerrville Plant,1,0,1
577490,Mooney Tile,1,0,1
1104336,Fox Tank,1,0,1
639560,Pak Sher Company,1,0,1
800137,Skeeter Products Inc,1,0,1
835245,Surface Equipment Corporation,4,0,4
902275,Communications & Power Industries Llc (Longview St),1,0,1
902276,Communications & Power Industries Llc (Energy Dr),1,0,1
1106372,Alliance Regional Water Authority,1,0,1
1105642,L & G Materials Llc-La Joya Lake Pit,1,0,1
1106488,Lake Kiowa Property Owners Asso.,1,0,1
517675,Lower Colorado River Authority-T C Ferguson Power Plant,1,0,1
889450,U S Army Corps Of Engineers-Whitney/Aquilla Project,1,0,1
1103122,City Of Toco,1,0,1
718050,Ajinomoto Foods North America,1,0,1
1103569,Oil States Rubber Plant,1,0,1
75500,Bilco Brick Corporation,1,0,1
94925,Brasscraft Lancaster,1,0,1
199260,Wna Cups Illustrated Inc,1,0,1
511932,Lgs Technologies,1,0,1
870901,Aquatic Co,1,0,1
35401,Ketjen Limited Liability Company-Bayport Plant,1,0,1
74515,Air Liquide America Corporation-La Porte Gas Plant,1,0,1
148026,Lhoist North America Inc-La Porte Plant,1,0,1
332635,Goodyear Tire & Rubber Company-Bayport Chemical Plant,1,0,1
519202,Lubrizol Corporation-Bayport Plant,1,0,1
683473,Altivia Specialty Chemicals Llc,1,0,1
806985,Southern Ionics Inc,1,0,1
1103658,Multiple Users Less Than 10 Mg,1,0,1
1104015,Kuraray America-Pva Bayport Plant,1,0,1
1106104,City Of Morgan'S Point,1,0,1
143845,Laredo Llc-Laredo Energy Center,1,0,1
486450,Laredo Ready Mix Ltd,1,0,1
669100,Dcp Midstream-Giddings Plant Gpod,1,0,1
954460,Oldcastle Lawn & Garden,1,0,1
518201,Ingram Concrete Llc-Levelland Plant,1,0,1
1100609,Levelland Hockley County Ethanol,1,0,1
57105,Bartush Schnitzius Foods-Lewisville Plant,1,0,1
291500,Foam Supplies Inc,1,0,1
486710,Lattimore Materials Co-Lewisville Ready Mix Plant,1,0,1
540300,Mary Kay Inc,1,0,1
700670,Warabeya Texas Inc,1,0,1
1100437,Sysco Food Service,1,0,1
1104136,Wm Renewable Energy Llc-Farmers Branch Renewable Energy Faclity,1,0,1
1104140,Wm Renewable Energy Llc-Dfw Gas Recovery,1,0,1
1106424,Nelson Brothers,1,0,1
1106425,Redi-Mix - Lewisville,1,0,1
1106774,Hoya Vision Care-Dallas,1,0,1
1106775,Lily Of The Desert- Lewisville,1,0,1
526845,Ingram Concrete Llc-Littlefield Plant,1,0,1
1106585,Continental Dairy Facilities Southwest,1,0,1
1105948,Rockin U Stone Products Llc-Greater Texas Stone,1,0,1
1106559,Cannon And Cannon,1,0,1
13783,Alpha Omega Recycling Inc,1,0,1
74505,Air Liquide Large Industries Us Lp-Longview Plant,1,0,1
133136,Capacity Of Texas Inc,1,0,1
322203,Genpak Llc,1,0,1
369070,Harris Industries Inc,1,0,1
488960,Lebus International,1,0,1
536020,Joy Global Longview Operations Llc,1,0,1
604898,Norris Cylinder Company,1,0,1
723180,Hatco Inc,1,0,1
817380,Southwest Steel Casting Company,1,0,1
824180,Stemco Inc-Longview Plant,1,0,1
851465,Eastman Chemical Company Texas Operations,1,0,1
514020,Lorenzo Textile Mills,1,0,1
26050,Southern Cotton Oil Company,1,0,1
63700,Gandys Dairies Inc-Lubbock Plant,1,0,1
143470,Ingram Concrete Llc-Lubbock North Plants,1,0,1
183865,Lubbock Cooper Isd,1,0,1
283411,Featherlite Building Products-Lubbock Plant,1,0,1
325440,Diamond Plastics Corporation,1,0,1
343600,Tyco Fire Protection Products,1,0,1
419328,Industrial Molding Corporation,1,0,1
501855,Matheson Tri Gas Inc-Tri Gasincmateson Site,1,0,1
518001,Lubbock Power & Light-J Robert Massengale Generation Station,1,0,1
518002,Lubbock Power & Light-Ty Cooke Generation Station,1,0,1
518050,Lubbock Avalanche Journal,1,0,1
683740,Pyco Industries Inc-East 50Th Street Facility,1,0,1
683840,Pyco Industries Inc-Ave A Facility,1,0,1
703483,Land O Lakes Purina Feed Llc-Lubbock Plant,1,0,1
816500,Xcel Energy-Jones Station,1,0,1
1100646,X Fab Texas Inc,1,0,1
1101100,Texas Tech University,1,0,1
1101251,Other Manufacturing Lubbock County,1,0,1
1101857,Reese Center,1,0,1
1101945,Shearers Foods Lubbock Llc,1,0,1
1103994,Tdcj - Montford,1,0,1
1105916,Quick Stripe Paving Inc-Buffalo Pit,1,0,1
38650,Atkinson Candy Company,1,0,1
152315,Cybershield Of Texas,1,0,1
322615,Bakelite Chemicals Llc,1,0,1
519650,Lufkin Gears Llc,1,0,1
519675,West Fraser Wood-Angelina Site,1,0,1
688050,Pilgrim Pride Industries Inc-Lufkin Plant,1,0,1
1103642,Aspen Power Llc,1,0,1
1104292,Holmes Smokehouse,1,0,1
1106313,Village Creek State Park,1,0,1
248605,East Cedar Creek Fwsd-Southwood Shores,1,0,1
854222,Texas Parks & Wildlife Department-Balmorhea State Park,1,0,1
1101079,Bulk Water,1,0,1
846300,Acme Brick Company-Texas Clay Plant,1,0,1
1100046,Baikowski Malakoff Ind,1,0,1
23250,Americhem Inc,1,0,1
243800,Dura Tech Processes Inc,1,0,1
651110,Altium Packaging Lp-Mansfield Plant,1,0,1
722900,Equistar Chemcials Lp-Mansfield Plant,1,0,1
741650,Mauser Packaging Solution-Bway,1,0,1
1103367,Don Lee Farms,1,0,1
1103577,Dura Tech Processes Inc - Plant 2,1,0,1
1103983,Mansfield National Golf Club,1,0,1
1103984,Walnut Creek Country Club,1,0,1
128100,J M Huber Corporation,1,0,1
282804,Taprite Fassco Manufacturing Inc-Marion Plant,1,0,1
346200,Cemex Construction Materials South Llc-Balcones Plant,2,0,2
1103644,Neuhaus Trusts Partnership,1,0,1
179390,Prysmian Cables And Systems,1,0,1
304720,Polynt Composities Usa Inc,1,0,1
418000,Norit Americas Inc,1,0,1
490500,Leigh Wsc-Port Caddo Site,1,0,1
778770,City Of Scottsville,1,0,1
803000,Snider Industries L.L.P.,1,0,1
1102926,Marshall Pottery Inc,1,0,1
1101657,Green Trails Mud,1,0,1
143699,Texas Industries Inc-Txi San Marcos Ready Mix,1,0,1
42360,G E Engine Services,1,0,1
164254,Coca-Cola Southwest Beverages-Mcallen Plant,1,0,1
938380,International Paper Company-Packaging Division,1,0,1
392050,Holiday Estates Water,1,0,1
280856,Purina Animal Nutrition Llc-Mcgregor Plant,1,0,1
1102811,Central Bosaup Water Supply,1,0,1
267905,Encore Wire Corporation,1,0,1
853471,Raytheon Company,1,0,1
1104310,Leon'S Texas Cuisine,1,0,1
1104865,Blount Fine Foods,1,0,1
1106233,Metro Linen Inc,1,0,1
1106236,Lhoist North America Inc-Mckinney Site Chemical Lime,1,0,1
147890,Chemax Corporation,1,0,1
1102975,Team Pride Extrusions,1,0,1
1106645,Total Alloy Foundry,1,0,1
1102944,North Alamo Water Supply Corporation,1,0,1
1107030,Valley Dewatering Services,1,0,1
1107031,Lily Of The Desert - Mercedes,1,0,1
1104083,Bulk Water Sales,1,0,1
395980,Orora Visual Tx Llc-Distribution Center,1,0,1
656520,Pepsi Cola Bottling Company-Mesquite Plant,1,0,1
1106522,Unifirst-Dallas County,1,0,1
1101241,Other Manufacturing Limestone County,1,0,1
565840,Midland Reporter Telegram,1,0,1
1101426,Other Mining Martin County,1,0,1
40175,Vertellus,1,0,1
90880,Holcim Us Inc,1,0,1
147410,Chaparral Steel Midlothian Lp,1,0,1
604050,Niagara Lasalle Corporation,1,0,1
853452,"Martin Marietta North Texas Cement, Llc-Midlothian Cement Plant",2,0,2
1103171,Gerdau Ameristeel,1,0,1
1103582,Midlothian Energy,1,0,1
1106578,Google-Midlothian Site,1,0,1
1106767,Midlothian Lakeside Villas,1,0,1
398970,Valley Proteins Inc-Tom Green Plant,2,0,2
97650,Trinidad/Benham & Company Inc,1,0,1
611450,Mm-Mineola Rm,1,0,1
132450,Cantex Inc,1,0,1
603655,New Tronics Ltd,1,0,1
889406,Meridian Brick-Mineral Wells Plant,1,0,1
849155,Rio Grande Juice Company-Processing Plant,1,0,1
899706,Alamo Concrete Products Co-Mission Ready Mix Plant,1,0,1
1101162,Other Manufacturing Hidalgo County,1,0,1
861650,Luminant Generation Company Llc-Morgan Creek Steam Electric Station,1,0,1
1106565,Tx Dot Mitchell County Safety Rest Area,1,0,1
849202,Itt C Treat Llc,1,0,1
1104111,Cooper/Ports America Llc,1,0,1
146250,Georgia Pacific Wood Products,1,0,1
1106224,Oil Patch Group,1,0,1
1106225,Mangum Oil Field Services,1,0,1
1106458,4 Warrior Hydro,1,0,1
1106459,Bernhard D Drilling,1,0,1
1106460,Collier Construction,1,0,1
1103066,Spivey State Company,1,0,1
1103067,Jp Spivey Supply,1,0,1
290611,Dekoron Wire & Cable,1,0,1
683038,Pilgrim Pride Industries Inc-Mt Pleasant,1,0,1
683039,Pilgrim Pride Industries Inc-West Plant,1,0,1
683040,Pilgrim Pride Industries Inc-East Plant,1,0,1
683041,Pilgrim Pride Industries Inc-Protein Conversion Division,1,0,1
1101834,Newly Wed Foods,1,0,1
1105874,Parker Trailer Sales Inc,1,0,1
129760,Cal Tex Lumber Company,1,0,1
250050,Coca-Cola Southwest Beverages-Nacogdoches Production,1,0,1
293572,Foretravel Inc,1,0,1
384150,Pilgrim Pride Industries Inc-Nacogdoches Plant,1,0,1
392471,Tyson Foods Inc-Nacogdoches Plant,1,0,1
421015,West Fraser Nacogdoches,1,0,1
438600,Parker Hannifin Corporation,1,0,1
547750,Cooper Power Systems Inc,1,0,1
577700,Rr Donnelley,1,0,1
592025,Nacogdoches Coca Cola,1,0,1
604150,Nibco Inc,1,0,1
852550,Texas Farm Products Company,1,0,1
1103222,Lee Containers,1,0,1
1103226,Txi,1,0,1
165700,Collin Street Bakery Inc,1,0,1
876810,Grant Prideco Inc-Navasota Plant,1,0,1
1106260,Barry Telford Prison,1,0,1
9250,Adm Milling Company,1,0,1
165215,The Coleman Company Inc,1,0,1
225350,Detex Corporation,1,0,1
419365,Ingram Readymix Inc-New Braunfels Plant,1,0,1
783560,Senior Flexonics Inc,1,0,1
1105782,Schlitterbahn Water Park,1,0,1
1103724,Luminant Mining Company Llc-Liberty Mine,1,0,1
392550,Holmes Foods Inc-Poultry Processing Plant,1,0,1
729200,Rio Grande Valley Sugar Growers Inc,1,0,1
717328,Aecom,1,0,1
266199,Gunze Electronics Usa Corp,1,0,1
1105074,Dxc Technology Services,1,0,1
1105075,Swvp Tandem Blvd Llc,1,0,1
881150,Dresser Utlity Solutions-Dresser Meters & Instruments,1,0,1
806830,Trecora Hydrocarbons Llc,1,0,1
821165,Tyson Prepared Foods-North Richland Hills Plant,1,0,1
322957,Emerson Actuation Technologies,1,0,1
368653,Harbor Island 1 Terminal,1,0,1
146460,Dcp Midstream-Gulf Plains Plant,1,0,1
1105402,Csa Materials Inc-Wilson County Materials,1,0,1
146150,Champion X-Odessa Plant,1,0,1
181780,Continental Products Of Texas,1,0,1
501821,Matheson Tri Gas Inc-Odessa Plant,1,0,1
656579,Permian Enterprise,1,0,1
768880,Aramark,1,0,1
891358,Utex Industries Inc-Odessa Facilty,1,0,1
1102675,Rextac Llc,1,0,1
1104163,Quail Run Energy Center,1,0,1
1104177,Luminant Generation Company Llc-Odessa-Ector Power Plant,2,0,2
1105107,Unifirst - Ector County,1,0,1
1105453,Fehrs Metal Building Construction Lp-Knox Pit,1,0,1
1106133,Tri-Gas,1,0,1
871221,Tower Extrustions Ltd-Olney Plant,1,0,1
161830,Cloeren Inc Orange Plant,1,0,1
628416,Conrad Orange Shipyard Inc,1,0,1
844901,West Port Orange Shipyard Llc,1,0,1
72160,Suez Water Technologies And Solutions,1,0,1
1103916,Sanderson Farms Inc-Anderson Co Plant,1,0,1
95780,R W Miller Power Llc-R W Miller Plant,1,0,1
1105034,Ingram Concrete Llc-Pampa  Plant,1,0,1
130850,Campbell Soup Supply Company,1,0,1
321550,Potters Industries Inc,1,0,1
465875,Kimberly Clark Corporation-Paris Plant,1,0,1
846402,Paris Energy Center,1,0,1
1101827,Luminant Generation Company Llc-La Frontera Holdings Llc-Lamar Power Plant,1,0,1
1102786,Daisy Dairy,1,0,1
23325,Messer Llc,1,0,1
227560,Mitsubishi Chemical America Inc,1,0,1
270756,Kuraray America Eval Bu,1,0,1
291360,Evonik Active Oxygens Llc-Bayport Plant,1,0,1
383575,Equistar Chemicals Lp-Bayport Polymers Plant,1,0,1
391670,Bayport Polymers Llc - Hdpe Plant,1,0,1
512075,Solenis Llc,1,0,1
632989,"Bluetriton Brands, Inc.-Pasadena Bottling Plant",1,0,1
675850,Wr Grace & Co Conn,1,0,1
783576,Kuraray America Septon Bu,1,0,1
923510,Multi-Chem Group Llc,1,0,1
1100265,Stepan Company,1,0,1
1100349,Jx Nippon Chemical Texas Inc,1,0,1
1102773,Enterprise Refined Products Co Llc-Pasadena Meter Station,1,0,1
1103898,Calpine Corp-Pasadena Cogeneration,1,0,1
1106163,Umicore Catalyst Usa Llc,1,0,1
1107028,C G Roxane Llc (Pasadena Bottling Plant),1,0,1
215710,Forum Energy Technologies - Davis Lynch,1,0,1
421410,Merit Medical Systems Inc,1,0,1
846100,Georgia  Pacific Wood Products  Llc-Pineland Complex,1,0,1
683090,Pilgrim Pride Industries Inc-Pittsburg Feed Mill,1,0,1
683457,Sausage Warehouse Llc,1,0,1
929525,Western Ag Sales Company Inc,1,0,1
1106102,Seth Ward,1,0,1
212526,Dallas Morning News-Plano Satellite Plant,1,0,1
635801,Packaging Corp Of America-Plano Plant,1,0,1
824810,Stewart Systems Inc,1,0,1
876748,International Resistive Company,1,0,1
890525,Regal Research And Mfg Company,1,0,1
1103960,1331 Ltd,1,0,1
1106538,Lsc4 Texas Llc,1,0,1
268745,Ergon Asphalt & Emulsions,1,0,1
293575,Formosa Plastics Corporation Usa,1,0,1
1107009,"Swarco, Centex, Lonestar Body",1,0,1
205640,Dal Air Investment Castings Inc,1,0,1
1104466,Clemsa Lumber Company,1,0,1
1106324,Harris County Wcid 91,1,0,1
1103564,Martin Midstream,1,0,1
270410,Afton Chemical,1,0,1
341500,Oxbow Calcining Llc,1,0,1
467730,"Monument Chemical Port Arthur, Llc",1,0,1
821115,Standard Alloys,1,0,1
1100228,Motiva Chemicals Llc-Port Arthur Chemicals,1,0,1
1101091,Chevron Phillips-Port Arthur Plant,1,0,1
1104081,Cheniere Lng,1,0,1
1104126,Golden Pass Lng Terminal Llc,1,0,1
1106561,Port Arthur Lng,1,0,1
1104319,Arcelormittal Texas Hbi Llc,2,0,2
1106388,"Gulf Coast Growth Ventures, Llc",2,0,2
147870,Ineos-Calabrian Corporation,1,0,1
332100,Lion Elastomers,1,0,1
1102936,Prime Materials,1,0,1
1102937,Texaco Inc,1,0,1
1101733,Two Draw,1,0,1
1101573,Other Manufacturing Upshur County,1,0,1
1102963,Texas Parks & Wildlife Department-Caprock Canyons State Park,1,0,1
572857,Mission Pharmacal Company,2,0,2
526925,Cal-Maine Foods-Chillicothe Farm,1,0,1
1101686,Southwest Water,1,0,1
929421,Edp Water-West Harris County Mud 21,1,0,1
41007,City Of Aurora,1,0,1
1103062,Southwest Water (Wise Co),1,0,1
891395,Uri Inc-Kingsville Plant,1,0,1
310050,Fujitsu Network Communications,1,0,1
394850,Honeywell International Inc-Richardson Sensor Fab,1,0,1
688953,Polytronix Inc,1,0,1
739461,Rockwell Collins,1,0,1
778230,Commscope Technologies Llc,1,0,1
853442,Mm-Richardson Rm,1,0,1
1102526,Texas Instruments Inc-Rfab,1,0,1
1103258,365 Data Centers,1,0,1
1104341,Gi Dc Richardson Llc,1,0,1
1104931,Data Bank- Richardson,1,0,1
358590,Solmax Geosynthetics Llc,1,0,1
367610,Hamilton Form Company Inc,1,0,1
652158,Southern Cotton Oil Company-Richmond Mill,1,0,1
1104171,Sandy Creek Energy Associates Lp-Sandy Creek Energy Station,1,0,1
853422,Luminant Mining Company Llc-Kosse Coal Strip Mine,1,0,1
861508,Luminant Generation Company Llc-Oak Grove Steam Electric Station,1,0,1
1106729,Jacam Chemicals,1,0,1
1101402,Other Manufacturing Ellis County,1,0,1
861540,Luminant Mining Company Llc-Martin Lake Lignite Area_Beckville/Tatum,1,0,1
1105022,Sky Global Power One Pledgor Llc-Sky Global Power One,1,0,1
1105080,Ropesville Coop Gin,1,0,1
13550,"Alleyton Resource Company, Llc-Rosenberg Plant",1,0,1
237353,D P & R Wsc,1,0,1
595200,Gold Bond Building Products Llc-Rotan Plant,1,0,1
242750,Toppan Photomasks Round Rock Inc,1,0,1
566270,Icu Medical-Round Rock Facility,1,0,1
748762,Williamson County Mud 10,1,0,1
851350,Texas Crushed Stone Company Inc-Georgetown Quarry,1,0,1
920900,Wayne Fueling Systems,1,0,1
922360,Weed Instrument Company Inc,1,0,1
931890,Teco Westinghouse Motor Company,1,0,1
1101877,Williamson County Mud 11,1,0,1
1102259,Williamson County,2,0,2
1102460,Round Rock Ranch  Pud,1,0,1
83500,Bodin Concrete Company Inc,1,0,1
327430,Gleco Plating Inc,1,0,1
99170,Brown Die Casting & Manufacturing Inc,1,0,1
433493,J & M Plastics Inc,1,0,1
1101916,Westwind Manor,1,0,1
1103990,West Fork Tank Trucks,1,0,1
1106727,Pencco,1,0,1
1106228,Southern Power Company,1,0,1
114400,Ardent Mills Llc,1,0,1
468357,Ergon Asphalt & Emulsions Inc-Saginaw,1,0,1
949650,Ventura Foods Llc,1,0,1
1102499,Cti Foods Soup,1,0,1
1102500,Dos Project Lp,1,0,1
1104870,Cti Food Bean,1,0,1
1106718,Bloomer Trailers,1,0,1
512,Upper Colorado River Authority-O C Fisher (San Angelo) 14060,1,0,1
179310,Ingram Concrete Llc-San Angelo Plant,1,0,1
270200,Ethicon Inc,1,0,1
764190,San Angelo By Products,1,0,1
1103165,The Water Barrel,1,0,1
11128,Alamo Concrete Products Co-White Rd Plant 3,1,0,1
11160,Alamo Foam,1,0,1
11260,Alamo Iron Works-At & T Center Pkwy,1,0,1
24300,Durrset Amigos Ltd,1,0,1
41800,Intertek Automotive Research,1,0,1
50310,Bimbo Bakeries Usa-San Antonio Plant,1,0,1
70414,Berridge Manufacturing  Company-San Antonio Plant,1,0,1
155740,Cps Energy-V H Braunig - Arthur Von Rosenburg Power Plant,1,0,1
164300,Coca-Cola Southwest Beverages-San Antonio Plant,1,0,1
166610,Flowers Baking Company Of San Antonio,1,0,1
172700,Columbia Industries Inc,1,0,1
215720,Cleaning Ideas Corporation,1,0,1
223700,Dpt Laboratories Ltd,1,0,1
226704,Oversea Casing Company,1,0,1
277570,M7 Aeorspace,1,0,1
282803,Taprite Fassco Manufacturing Inc-San Antonio Plant,1,0,1
285630,Fiber Glass Systems Lp-San Antonio Plant,1,0,1
304034,Fresh From Texas Llc,1,0,1
308050,Frito Lay Inc-San Antonio Plant,1,0,1
320476,International Paper Company-San Antonio Sheets,1,0,1
324893,Forterra Pipe & Precast Llc - San Antonio,1,0,1
409900,Pepsi Cola Bottling Company-Texas Division,1,0,1
419310,Warren Oil Company Llc,1,0,1
466850,Kiolbassa Provision Company,1,0,1
468150,Oak Farms Dairy-San Antonio Plant,1,0,1
487750,Laxson Provision Company,1,0,1
508775,Lone Star Bakery Inc,1,0,1
511980,Longhorn Star Packaging Llc,1,0,1
512090,Versacold Texas Lp-Americold San Antonio,1,0,1
535960,Direct Source Meats-Dsm Raw Facility,1,0,1
537615,Markle Manufacturing  Company,1,0,1
547700,Mm-Beckmann,1,0,1
564250,Meyer Machine Company,1,0,1
564410,Matheson Tri Gas Inc-San Antonio Plant,1,0,1
577890,Moore Plastics,1,0,1
629500,Superior Silica Sands- San Antonio Site,1,0,1
683275,Pioneer Inc-Flour Mills,1,0,1
721290,Reed Candle Company,1,0,1
741440,A I Root Company,1,0,1
782620,Sea World San Antonio,1,0,1
807317,The Nugget Company Inc-Kemper Street Plant,1,0,1
809926,Us Galvanzing Inc-San Antonio Plant,1,0,1
824300,Sterling Foods Inc,1,0,1
834000,Sunshine Industries Inc,1,0,1
848480,Refresco Beverages,1,0,1
886520,International Paper Company-San Antonio Container Att Parkway,1,0,1
893420,Alamo Processors,1,0,1
906350,Tower Semiconductor,1,0,1
910035,Vulcan Materials Company-1604 Plant,1,0,1
910036,Vulcan Construction Materials Llc-Helotes Quarry,1,0,1
1100312,Martin Linen Supply (San Antonio),1,0,1
1100511,Toyota Motors Manufacturing Texas Inc,1,0,1
1101706,Joyson Safety Systems,1,0,1
1101707,Winland Foods,1,0,1
1101712,Unifirst Holding Inc - Bexar County,1,0,1
1102182,Asr Recharge,1,0,1
1102619,Biomedical Research Institute,1,0,1
1103234,Reddy Ice Ltd-San Antonio Plant,1,0,1
1103235,The San Antonio Refinery Llc,1,0,1
1104150,University Of Texas At San Antonio,1,0,1
1104200,Energy Developments Inc-Tessman Road Landfill,1,0,1
1104255,Shertz Seguin Local Government Corporation,1,0,1
1105330,Cibolo Materials Specht Rd,1,0,1
1105574,Lion Cave Ranch Llc-Ak Briggs,1,0,1
1106223,Direct Source Meats-Cooked Plant,1,0,1
1106728,Kiolbassa Provision Company 2,1,0,1
1105004,Sanderson Farms Inc-Smith Co Processing Plant,1,0,1
197322,Cfan,1,0,1
346050,Gulf Business Forms Inc,1,0,1
398950,Rohr Inc,1,0,1
557310,Mensor Corporation,1,0,1
807200,Southern Post Company,1,0,1
863530,Thermon Manufacturing  Company,1,0,1
889680,U S Fish & Wildlife-Aquatic Resources Center,1,0,1
74509,Air Liquide America Corporation-Ingleside Plant,1,0,1
242600,Chemours Company Fc Llc-Corpus Christi Plant,1,0,1
619109,Occidental Chemical Corporation-Oxychem Ingleside Facility,1,0,1
723380,Sherwin Alumina Company Llc,1,0,1
1100596,Nrg Texas Power Llc-Gregory Power Partners,1,0,1
1105093,Tpco,1,0,1
1105094,Corpus Christi Liquefaction,1,0,1
1105264,"Steel Dynamics Southwest Llc-Sinton, Tx Site",2,0,2
1106164,Nashtec,1,0,1
1102061,Ingram Concrete Llc-San Saba Plant,1,0,1
941510,Vulcan Materials Company-Weatherford Plant,1,0,1
917770,Targa Resources,1,0,1
575390,Central Texas Iron Works - Schertz,1,0,1
565050,Dairy Farmers Of America Inc-Schulenburg Plant,1,0,1
934850,West Side Calhoun County Navigation District,1,0,1
20430,Fujirebio Diagnostics Inc,1,0,1
385350,Hexcel Corporation,1,0,1
392474,Tyson Foods Inc-Seguin Plant,1,0,1
580551,Vitesco Technologies,1,0,1
847525,Alamo Group Texas Inc,1,0,1
1100631,Rio Nogales Power Plant,1,0,1
1104258,Niagara Bottling-Seguin,1,0,1
1103132,Harrison Gypsum Llc-Acg Materials Shamrock,1,0,1
10839,Airborn Inc-Winnsboro Plant,1,0,1
708400,Quality Tubing Inc,1,0,1
1103098,Magris Talc America Inc,1,0,1
179250,Ardent Mills Sherman,1,0,1
286945,Fisher Controls Company-Sherman Plant,1,0,1
454953,Kaiser Aluminum-Fabricated Product Inc,1,0,1
698400,Presco,1,0,1
698401,Precision,1,0,1
853482,Texas Instruments Inc-Sherman Plant,1,0,1
1100634,Sunny Delight Beverages Company,1,0,1
1102188,Tyson Foods Inc-Sherman,1,0,1
1102189,Globitech,1,0,1
1102838,Eaton B Line Sherman Plant,1,0,1
1102885,Actitech,1,0,1
1103233,Rayburn Energy Station-Grayson County Plant,1,0,1
1105046,Finisar Corporation,1,0,1
458200,Kaspar Wire Works Inc-Shiner Plant,1,0,1
819900,Spoetzl Brewery Inc,1,0,1
1105417,Desert Rock Co-Gifford Hill Site,1,0,1
1105418,Desert Rock Co-Sierra Red Quarry,1,0,1
1102863,Rivas Enviran Rental,1,0,1
1102864,Dollar General,1,0,1
1102865,Rhynochart Roofing,1,0,1
1104901,Michael Fisher,1,0,1
30889,Caraustar,1,0,1
322970,Texas Turbine,1,0,1
1106230,Highland Dairy,1,0,1
804158,Ingram Concrete Llc-Snyder Plt,1,0,1
771900,Koppers,1,0,1
1102028,Ingram Concrete Llc-Sonora Plant,1,0,1
1103281,Xto Energy Inc.-Franklin County,1,0,1
1103282,Embridge Pipeline,1,0,1
1104056,Lowes Distribution,1,0,1
1104941,Permian Express Llc,1,0,1
805900,Soules Foods Inc,1,0,1
829051,Summit Industrial Products Inc,1,0,1
851460,Eastman Chemical Company Texas Operation-Tyler Terminal,2,0,2
1105693,Melton Aggregates Llc-Dirt Pit,1,0,1
358030,Martin Asphalt Company,1,0,1
398504,Houston Plating & Coatings Llc-South Houston Site,1,0,1
1102175,Jennings Trailer,1,0,1
1102176,Kerney Trailer,1,0,1
1102177,Carolina Carports,1,0,1
827000,Structural Metals Inc,1,0,1
889282,U S  Air Force-Randolph Afb Seguin Auxiliary Airfield,1,0,1
958130,Xerxes Corporation,1,0,1
1102692,Caterpillar Inc,1,0,1
1101476,Other Mining Parker County,1,0,1
26657,Emerson Automation Solution - Stafford Plant,1,0,1
38000,Atec Inc,1,0,1
31425,Egs Electrical Group-Stephenville Plant,1,0,1
285650,Fibergrate Composite Structures,1,0,1
291334,Fmc Technologies Inc,1,0,1
1101650,Texas Building Producers,1,0,1
1106379,Zachry Corporation,1,0,1
1105913,Quality Stone Of Mineral Wells Llc,1,0,1
181620,Crown Cork & Seal Company Inc-Sugar Land Plant,1,0,1
266198,De Nora Water Technologies Llc,1,0,1
385390,Kavis Pharma Llc,1,0,1
398570,Houston Sigma Technologies Lp,1,0,1
592040,Champion X-Sugar Land Plant,1,0,1
857951,"Tpm Acquisition Holdings, Llc",1,0,1
1100413,Schlumberger (City Of Sugarland),1,0,1
1106154,Fort Bend County Lid 17 - Raw Water,1,0,1
1106155,First Colony Comm Services - Lakepointe Irrigation,1,0,1
1106157,Venetian Estates Hoa - Raw Water Lake Fill,1,0,1
1106158,Sugar Lakes Hoa - Raw Water Lake Fill,1,0,1
619125,Ocean Spray Cranberries Inc,1,0,1
739440,Flowserve Corporation-Sulphur Springs Operation,1,0,1
807720,Saputo Dairy Foods Sulphur Springs,1,0,1
1101171,Other Manufacturing Hopkins County,1,0,1
1103927,Bef Foods,1,0,1
1106114,Wilburn Trucking,1,0,1
21030,Dal-Tile Sunnyvale Mfg Plant,1,0,1
231171,Dpc Industries Inc-Sweetwater Plant,1,0,1
322210,Georgia - Pacific Gypsum Llc-Sweetwater,1,0,1
889975,U S Gypsum Company-Sweetwater Plant & Quarry,1,0,1
1101674,Georgia Pacific,1,0,1
1102026,Ingram Concrete Llc-Sweetwater Plant,1,0,1
1103596,Ludlum'S,1,0,1
835239,Crop Production Services-Taft Plant,1,0,1
477300,Laboratory Tops Inc,1,0,1
605000,Noack Wsc,1,0,1
669350,Iacx Rockcreek-Rock Creek Plant Gpbr,1,0,1
669450,Iacx Rockcreek-Sanford Booster Gpbr,1,0,1
1103746,National Oilwell Varco,1,0,1
1105055,Nov Process,1,0,1
1105282,Big Creek Sand And Gravel Inc-Bear Creek Pit,1,0,1
135310,E R Carpenter Lp,1,0,1
143783,Smyrna Ready Mix Llc-Temple Plant,1,0,1
145055,Centrifugal Castings Inc,1,0,1
221610,Delta Centrifugal Corporation,1,0,1
231300,Mars Petcare,1,0,1
238720,Polar Texas Bottling,1,0,1
573560,Pactiv Llc-Temple Plant,1,0,1
574070,Materials Transportation Company,1,0,1
656590,Permocast Corporation,1,0,1
853076,Texas Hydraulics Inc-Bell Co Facility,1,0,1
950605,Wilsonart Llc-Temple North Plant,1,0,1
1103685,Panda Temple Power-Temple Power Station,1,0,1
1104268,Other-Bell,1,0,1
1105789,Miller Springs Materials Llc-Bell County,1,0,1
1106334,Niagara Bottling Llc- Bell Site,1,0,1
1106420,Reynolds Consumer Products,1,0,1
287440,Fxi Inc - Terrell,1,0,1
398835,Oldcastle Building Envelope,1,0,1
1100012,Messer Llc Terrell Texas,1,0,1
15560,Tci-Texarkana Inc,1,0,1
165270,Sterno Products,1,0,1
407650,"Pharma Nobis, Llc",1,0,1
420980,West Fraser Wood Products,1,0,1
545300,Texarkana Water Utilities-Mayo Manufacturing Corporation,1,0,1
650650,Nalco-Texarkana Plant,1,0,1
848075,Texarkana Gazette,1,0,1
1102195,Federal Correction Institution Three Rivers,1,0,1
1102257,Day & Zimmerman Lone Star Llc,1,0,1
1104000,Miller County Pwa,1,0,1
24500,Ineos Styrolution America Llc-Texas City,1,0,1
24501,Bp Amoco Chemical Plant,1,0,1
24515,Blanchard Refining Company Llc-Galveston Bay Refinery,1,0,1
312950,Ashland,1,0,1
536270,Blanchard Refining Company Llc,1,0,1
623472,Oiltanking Texas City,1,0,1
849600,Valero Refining Texas Lp-Texas City Refinery,1,0,1
849601,Texas City Terminal Railway Co (Water Co-Op),1,0,1
1103228,Dow Chemical Company-Union Carbide Corporation - Brazoria,1,0,1
1103914,Calpine Corp-Texas City Cogeneration,1,0,1
1106331,International Specialty Products,1,0,1
1106680,Wattbridge Texas Llc-Topaz Generating,1,0,1
688956,Poole Chemicals Inc,1,0,1
275175,Xto Energy Inc.-Fullerton Field,1,0,1
320030,Dcp Midstream-Goldsmith Plant,1,0,1
1101906,Texland Petroleum,1,0,1
1105043,Elevation Resources,1,0,1
1106735,Tony Buzan,1,0,1
1106736,William Welch,1,0,1
1106738,Boretx,1,0,1
1106739,Dr&G Services,1,0,1
1106740,Brian Russ,1,0,1
796000,Diamond Shamrock Refining Company Lp-Three Rivers Refinery,1,0,1
21610,American National Carbide Company,1,0,1
421105,International Sulphur Inc,1,0,1
657000,Perry Wsc,1,0,1
917605,Walnut Creek Mining Company,1,0,1
860400,Luminant Generation Company Llc-Trinidad Steam Electric Plant,1,0,1
806681,Unimin Corporation-Troup Plant,2,0,2
145880,Anderton Castings Llc,1,0,1
183560,Contract Manufacturers Inc,1,0,1
320965,Trane Us Inc,1,0,1
418615,Flowers Baking Company,1,0,1
478900,Mm-Tyler Central Rm,1,0,1
479200,Delek Refining Ltd,1,0,1
1105083,Hiland Dairy,1,0,1
832200,Kinder Morgan Pipline-Snyder Gas Plant,1,0,1
1106298,Persimmon Gap,1,0,1
247200,Eanes Isd,1,0,1
1103336,Reunion Ranch,1,0,1
1103692,Travis County Mud 18,1,0,1
1106303,Lake Travis Isd,1,0,1
1106304,City Of Dripping Springs,1,0,1
1106305,Tumco Consultants Inc. - Lake Pointe Mud,1,0,1
1105603,Jobe Materials Lp-Van Horn Quarry,1,0,1
142000,Solvay Usa Inc-Vernon Plant,1,0,1
957550,Tyson Refrigerated Processed Meats-Vernon Plant,1,0,1
143800,Victoria Wle Lp-Victoria Steam Power Station,1,0,1
850800,Texas Conrete Partners-Main Office,1,0,1
1103137,Cw&A Inc,1,0,1
1104067,Caterpillar Inc-Victoria,1,0,1
1106476,Tres Port Power Llc-Victoria City Power Llc,1,0,1
1106724,Texas Conrete Partners-Txdot Plant,1,0,1
1106725,Texas Conrete Partners-Batch Plant,1,0,1
760640,"Vls Environmental Solutions, Llc-Vls Victoria",1,0,1
13645,Abbvie,1,0,1
144040,Central Texas Iron Works,1,0,1
144070,Pca Waco Sheet Feeder,1,0,1
255380,L 3 Communications Inc-Waco Plant,1,0,1
287410,Fleetwood Homes Of Texas Inc,1,0,1
376512,H & B Packing Company Inc,1,0,1
391642,"Hobbs Bonded Fibers Na, Llc-Waco Plant",1,0,1
399430,Huck Fasteners Inc,1,0,1
437580,Jewell Concrete Production-Jewell Dr Plant,1,0,1
445300,Trs Properties Llc,1,0,1
520750,Packaging Corporation Of America-Waco Plant,1,0,1
536005,Marathonnorco Aerospace Inc,1,0,1
573290,Mars Wrigley Confectionery Llc,1,0,1
632580,Owens Brockway Glass Container,1,0,1
635875,Packless Industries-Waco Plant,1,0,1
635876,Packless Industries-Copper Works,1,0,1
685900,Cargill Meat Solutions Corp (Mclennan County),1,0,1
867275,Time Manufacturing Company,1,0,1
899115,Van Tran Industries Inc,1,0,1
1100126,Coca Cola Bottling Co (City Of Waco),1,0,1
1103270,Sanderson Farms Inc-Waco Processing Plant,1,0,1
1103403,Pilgrim Pride Industries Inc-Waco Prepared Food Plant,1,0,1
1106130,Time Manuf Truck Mount Versalift,1,0,1
1106755,Refresco Beverages Us Inc-Waco Site,1,0,1
788203,J B Sausage Company Inc,1,0,1
1103240,Stockton Chemical,1,0,1
1103579,Wallis Concrete Inc,1,0,1
419362,Ingram Concrete Llc-Springtown Plant,1,0,1
1103442,Chisholm Springs,1,0,1
34300,Waskom Gas Processing,1,0,1
9835,Berry Global-Waxahachie Plant,1,0,1
215580,Dartco Of Texas Llc,1,0,1
322613,Georgia Pacific Corporation-Waxahachie Plant,1,0,1
419500,International Extrusion Corporation Texas,1,0,1
632541,Owens Corning-Waxahachie Plant,1,0,1
809920,Lifemade,1,0,1
889152,U S Aluminum Corporation,1,0,1
925707,Wesco Chemicals,1,0,1
1100603,James Hardie Buliding Products-Waxahachie Plant,1,0,1
1100614,Matheson Tri Gas Inc-Waxahachie Site,1,0,1
1102696,Dfw Tank Cleaning Plant,1,0,1
1102697,Cardinal I G Primary,1,0,1
1103655,City Of Waxahachie Wtp,1,0,1
148009,Weatherford Aerospace-Third Street Plant,1,0,1
148012,Weatherford Aerospace-Columbia Street Facility,1,0,1
433200,Jamak Fabrication Inc,1,0,1
695619,Power Service Products Inc,1,0,1
398540,Cemex Construction Materials Houston Llc-Webster Plant,1,0,1
564400,M-G Inc - Feed Division,1,0,1
891366,Utex Industries Inc-Weimar Plant,1,0,1
1101352,Other Manufacturing Colorado County,1,0,1
1104373,J&B Sausage Co,1,0,1
490525,Leisure World Mhc,1,0,1
1106293,Red Line Underground Llc,1,0,1
1106294,Guest Forestry Service,1,0,1
1106523,Ld Construction,1,0,1
1106524,Forming Agrotors,1,0,1
1104062,Warfab,1,0,1
1104063,Texas Mfg,1,0,1
1106394,Merit Energy,1,0,1
346190,Gulf Coast Machine & Supply Company,1,0,1
419525,Azz Galvanizing-Beaumont,1,0,1
1106344,Primoris Coastal Field Service,1,0,1
130630,Camelot Water System,1,0,1
438613,J M Eagle Manufacturing,1,0,1
592150,Nan Ya Plastics,1,0,1
1106292,"Colorado Bend I Power, Llc-Colorado Bend I Power Llc",1,0,1
161818,Clint & Sons Custom Processing,1,0,1
236510,Dover Corporation,1,0,1
396981,Houston Fuel Oil Term Inc,1,0,1
33720,Jge Gas Solutions Lp,1,0,1
1103923,Jge Gas Solutions East Texas Rail Facility,1,0,1
398840,Howmet Castings & Services Inc,1,0,1
398841,P & Wc Component Repairs,1,0,1
683510,Vitro Flat Glass Llc-Works 4,1,0,1
844443,Taylor Foundry Company,1,0,1
861243,Trc Recreation Lp,1,0,1
871585,Tranter Inc,1,0,1
944445,Wichita Clutch,1,0,1
944447,Signal Hill Generating Llc,1,0,1
1103720,Ingram Concrete Llc-Wichita Falls Plant,1,0,1
1102832,Utex Precision Machine Products,1,0,1
1104460,Hixson Lumber  Sales-Montgomery Co Site,1,0,1
853430,Arcosa Lightweight-Streetman Lightweight Plant,1,0,1
1107010,Tarrant County Regional Water District,1,0,1
37455,Kellers Creamery Llc,1,0,1
561430,Messina Hof Wine Cellars Inc,1,0,1
490425,Lehigh Cement Company Llc,1,0,1
1105235,Arrow Materials Inc-Medina Pit,1,0,1
252620,Eddy Packing Company Inc,1,0,1
368665,Advanced Drainage System,1,0,1
227200,Syngenta Crop Protection Llc,1,0,1
656300,Arkema Inc-Houston Thiochemicals,1,0,1
813400,Gcc  Permian Llc-Odessa Plant,1,0,1
1102882,Gardendale Country Water,1,0,1
1106241,Endurance,1,0,1
1107011,Cholla Petroleum,1,0,1
1103242,Lone Star Stone,1,0,1
1103243,Dynaenergetics,1,0,1
1106651,Target Logistics Mentone Lodge,1,0,1
148023,Aquapharm Pchem Llc,1,0,1
1106731,Englobal Henderson,1,0,1
1106732,Panel Truss Texas Inc,1,0,1
1104486,Sun N Fun Water Supply Corporation,1,0,1
8455,Acme Brick Company-Bennett/Tunnel Plants,1,0,1
1101860,Color Spot Nurseries-Walker County,1,0,1
1106801,Montgomery County Mud 152,1,0,1
853445,Mm-Bridgeport,1,0,1
1104213,Jack County Power Llc,1,0,1
1106217,Industrial Pump Station,1,0,1
